arduino_ms,minute,pir_state,ground_truth_present,activity
73375,1.0,0,1.0,still: reading
74375,1.0166666666666666,0,1.0,still: reading
75375,1.0333333333333334,0,1.0,still: reading
76375,1.05,0,1.0,still: reading
77375,1.0666666666666667,0,1.0,still: reading
78375,1.0833333333333333,0,1.0,still: reading
79375,1.1,0,1.0,still: reading
80375,1.1166666666666667,0,1.0,still: reading
81375,1.1333333333333333,0,1.0,still: reading
82375,1.15,0,1.0,still: reading
83375,1.1666666666666667,0,1.0,still: reading
84375,1.1833333333333333,0,1.0,still: reading
85375,1.2,0,1.0,still: reading
86375,1.2166666666666666,0,1.0,still: reading
87375,1.2333333333333334,0,1.0,still: reading
88375,1.25,0,1.0,still: reading
89375,1.2666666666666666,0,1.0,still: reading
90375,1.2833333333333334,0,1.0,still: reading
91375,1.3,0,1.0,still: reading
92375,1.3166666666666667,0,1.0,still: reading
93375,1.3333333333333333,0,1.0,still: reading
94375,1.35,0,1.0,still: reading
95375,1.3666666666666667,0,1.0,still: reading
96375,1.3833333333333333,0,1.0,still: reading
97375,1.4,0,1.0,still: reading
98375,1.4166666666666667,0,1.0,still: reading
99375,1.4333333333333333,0,1.0,still: reading
100375,1.45,0,1.0,still: reading
101375,1.4666666666666666,0,1.0,still: reading
102375,1.4833333333333334,0,1.0,still: reading
103375,1.5,0,1.0,still: reading
104375,1.5166666666666666,0,1.0,still: reading
105375,1.5333333333333334,0,1.0,still: reading
106375,1.55,0,1.0,still: reading
107375,1.5666666666666667,0,1.0,still: reading
108375,1.5833333333333333,0,1.0,still: reading
109375,1.6,0,1.0,still: reading
110375,1.6166666666666667,0,1.0,still: reading
111375,1.6333333333333333,0,1.0,still: reading
112375,1.65,0,1.0,still: reading
113375,1.6666666666666667,0,1.0,still: reading
114375,1.6833333333333333,0,1.0,still: reading
115375,1.7,0,1.0,still: reading
116375,1.7166666666666666,0,1.0,still: reading
117375,1.7333333333333334,0,1.0,still: reading
118375,1.75,0,1.0,still: reading
119375,1.7666666666666666,0,1.0,still: reading
120375,1.7833333333333334,0,1.0,still: reading
121375,1.8,0,1.0,still: reading
122375,1.8166666666666667,0,1.0,still: reading
123375,1.8333333333333333,0,1.0,still: reading
124375,1.85,0,1.0,still: reading
125375,1.8666666666666667,0,1.0,still: reading
126375,1.8833333333333333,0,1.0,still: reading
127375,1.9,0,1.0,still: reading
128375,1.9166666666666667,0,1.0,still: reading
129375,1.9333333333333333,0,1.0,still: reading
130375,1.95,0,1.0,still: reading
131375,1.9666666666666666,0,1.0,still: reading
132375,1.9833333333333334,0,1.0,still: reading
133375,2.0,0,1.0,still: reading
134375,2.0166666666666666,0,1.0,still: reading
135375,2.033333333333333,0,1.0,still: reading
136375,2.05,0,1.0,still: reading
137375,2.066666666666667,0,1.0,still: reading
138375,2.0833333333333335,0,1.0,still: reading
139375,2.1,0,1.0,still: reading
140375,2.1166666666666667,0,1.0,still: reading
141375,2.1333333333333333,0,1.0,still: reading
142375,2.15,0,1.0,still: reading
143375,2.1666666666666665,0,1.0,still: reading
144375,2.183333333333333,0,1.0,still: reading
145375,2.2,0,1.0,still: reading
146375,2.216666666666667,0,1.0,still: reading
147375,2.2333333333333334,0,1.0,still: reading
148375,2.25,0,1.0,still: reading
149375,2.2666666666666666,0,1.0,still: reading
150375,2.283333333333333,0,1.0,still: reading
151375,2.3,0,1.0,still: reading
152375,2.316666666666667,0,1.0,still: reading
153375,2.3333333333333335,0,1.0,still: reading
154375,2.35,0,1.0,still: reading
155375,2.3666666666666667,0,1.0,still: reading
156375,2.3833333333333333,0,1.0,still: reading
157375,2.4,0,1.0,still: reading
158375,2.4166666666666665,1,1.0,still: reading
159375,2.433333333333333,1,1.0,still: reading
160375,2.45,0,1.0,still: reading
161375,2.466666666666667,0,1.0,still: reading
162375,2.4833333333333334,0,1.0,still: reading
163375,2.5,0,1.0,still: reading
164375,2.5166666666666666,0,1.0,still: reading
165375,2.533333333333333,0,1.0,still: reading
166375,2.55,0,1.0,still: reading
167375,2.566666666666667,0,1.0,still: reading
168375,2.5833333333333335,0,1.0,still: reading
169375,2.6,0,1.0,still: reading
170375,2.6166666666666667,0,1.0,still: reading
171375,2.6333333333333333,0,1.0,still: reading
172375,2.65,0,1.0,still: reading
173375,2.6666666666666665,0,1.0,still: reading
174375,2.683333333333333,0,1.0,still: reading
175375,2.7,0,1.0,still: reading
176375,2.716666666666667,0,1.0,still: reading
177375,2.7333333333333334,0,1.0,still: reading
178375,2.75,0,1.0,still: reading
179375,2.7666666666666666,0,1.0,still: reading
180375,2.783333333333333,0,1.0,still: reading
181375,2.8,0,1.0,still: reading
182375,2.816666666666667,0,1.0,still: reading
183375,2.8333333333333335,0,1.0,still: reading
184375,2.85,0,1.0,still: reading
185375,2.8666666666666667,0,1.0,still: reading
186375,2.8833333333333333,0,1.0,still: reading
187375,2.9,0,1.0,still: reading
188375,2.9166666666666665,0,1.0,still: reading
189375,2.933333333333333,0,1.0,still: reading
190375,2.95,0,1.0,still: reading
191375,2.966666666666667,0,1.0,still: reading
192375,2.9833333333333334,0,1.0,still: reading
193375,3.0,0,1.0,still: reading
194375,3.0166666666666666,0,1.0,still: reading
195375,3.033333333333333,0,1.0,still: reading
196375,3.05,0,1.0,still: reading
197375,3.066666666666667,0,1.0,still: reading
198375,3.0833333333333335,0,1.0,still: reading
199375,3.1,0,1.0,still: reading
200375,3.1166666666666667,0,1.0,still: reading
201375,3.1333333333333333,0,1.0,still: reading
202375,3.15,0,1.0,still: reading
203375,3.1666666666666665,0,1.0,still: reading
204375,3.183333333333333,0,1.0,still: reading
205375,3.2,0,1.0,still: reading
206375,3.216666666666667,0,1.0,still: reading
207375,3.2333333333333334,0,1.0,still: reading
208375,3.25,0,1.0,still: reading
209375,3.2666666666666666,0,1.0,still: reading
210375,3.283333333333333,0,1.0,still: reading
211375,3.3,0,1.0,still: reading
212375,3.316666666666667,0,1.0,still: reading
213375,3.3333333333333335,0,1.0,still: reading
214375,3.35,0,1.0,still: reading
215375,3.3666666666666667,0,1.0,still: reading
216375,3.3833333333333333,0,1.0,still: reading
217375,3.4,0,1.0,still: reading
218375,3.4166666666666665,0,1.0,still: reading
219375,3.433333333333333,0,1.0,still: reading
220375,3.45,0,1.0,still: reading
221375,3.466666666666667,0,1.0,still: reading
222375,3.4833333333333334,0,1.0,still: reading
223375,3.5,1,1.0,still: reading
224375,3.5166666666666666,0,1.0,still: reading
225375,3.533333333333333,0,1.0,still: reading
226375,3.55,0,1.0,still: reading
227375,3.566666666666667,0,1.0,still: reading
228375,3.5833333333333335,0,1.0,still: reading
229375,3.6,0,1.0,still: reading
230375,3.6166666666666667,0,1.0,still: reading
231375,3.6333333333333333,0,1.0,still: reading
232375,3.65,0,1.0,still: reading
233375,3.6666666666666665,0,1.0,still: reading
234375,3.683333333333333,0,1.0,still: reading
235375,3.7,0,1.0,still: reading
236375,3.716666666666667,0,1.0,still: reading
237375,3.7333333333333334,0,1.0,still: reading
238375,3.75,0,1.0,still: reading
239375,3.7666666666666666,0,1.0,still: reading
240375,3.783333333333333,0,1.0,still: reading
241375,3.8,0,1.0,still: reading
242375,3.816666666666667,0,1.0,still: reading
243375,3.8333333333333335,0,1.0,still: reading
244375,3.85,0,1.0,still: reading
245375,3.8666666666666667,0,1.0,still: reading
246375,3.8833333333333333,0,1.0,still: reading
247375,3.9,0,1.0,still: reading
248375,3.9166666666666665,0,1.0,still: reading
249375,3.933333333333333,0,1.0,still: reading
250375,3.95,0,1.0,still: reading
251375,3.966666666666667,0,1.0,still: reading
252375,3.9833333333333334,0,1.0,still: reading
253375,4.0,0,1.0,still: reading
254375,4.016666666666667,0,1.0,still: reading
255375,4.033333333333333,0,1.0,still: reading
256375,4.05,0,1.0,still: reading
257375,4.066666666666666,0,1.0,still: reading
258375,4.083333333333333,0,1.0,still: reading
259375,4.1,0,1.0,still: reading
260375,4.116666666666666,0,1.0,still: reading
261375,4.133333333333334,0,1.0,still: reading
262375,4.15,0,1.0,still: reading
263375,4.166666666666667,0,1.0,still: reading
264375,4.183333333333334,0,1.0,still: reading
265375,4.2,0,1.0,still: reading
266375,4.216666666666667,0,1.0,still: reading
267375,4.233333333333333,0,1.0,still: reading
268375,4.25,0,1.0,still: reading
269375,4.266666666666667,0,1.0,still: reading
270375,4.283333333333333,0,1.0,still: reading
271375,4.3,0,1.0,still: reading
272375,4.316666666666666,0,1.0,still: reading
273375,4.333333333333333,0,1.0,still: reading
274375,4.35,0,1.0,still: reading
275375,4.366666666666666,0,1.0,still: reading
276375,4.383333333333334,0,1.0,still: reading
277375,4.4,0,1.0,still: reading
278375,4.416666666666667,0,1.0,still: reading
279375,4.433333333333334,0,1.0,still: reading
280375,4.45,0,1.0,still: reading
281375,4.466666666666667,0,1.0,still: reading
282375,4.483333333333333,0,1.0,still: reading
283375,4.5,0,1.0,still: reading
284375,4.516666666666667,0,1.0,still: reading
285375,4.533333333333333,0,1.0,still: reading
286375,4.55,0,1.0,still: reading
287375,4.566666666666666,0,1.0,still: reading
288375,4.583333333333333,0,1.0,still: reading
289375,4.6,0,1.0,still: reading
290375,4.616666666666666,0,1.0,still: reading
291375,4.633333333333334,0,1.0,still: reading
292375,4.65,0,1.0,still: reading
293375,4.666666666666667,0,1.0,still: reading
294375,4.683333333333334,0,1.0,still: reading
295375,4.7,0,1.0,still: reading
296375,4.716666666666667,0,1.0,still: reading
297375,4.733333333333333,0,1.0,still: reading
298375,4.75,0,1.0,still: reading
299375,4.766666666666667,0,1.0,still: reading
300375,4.783333333333333,0,1.0,still: reading
301375,4.8,0,1.0,still: reading
302375,4.816666666666666,0,1.0,still: reading
303375,4.833333333333333,0,1.0,still: reading
304375,4.85,0,1.0,still: reading
305375,4.866666666666666,0,1.0,still: reading
306375,4.883333333333334,0,1.0,still: reading
307375,4.9,0,1.0,still: reading
308375,4.916666666666667,0,1.0,still: reading
309375,4.933333333333334,0,1.0,still: reading
310375,4.95,0,1.0,still: reading
311375,4.966666666666667,0,1.0,still: reading
312375,4.983333333333333,0,1.0,still: reading
313375,5.0,0,1.0,still: reading
314375,5.016666666666667,0,1.0,still: reading
315375,5.033333333333333,0,1.0,still: reading
316375,5.05,0,1.0,still: reading
317375,5.066666666666666,0,1.0,still: reading
318375,5.083333333333333,0,1.0,still: reading
319375,5.1,0,1.0,still: reading
320375,5.116666666666666,0,1.0,still: reading
321375,5.133333333333334,0,1.0,still: reading
322375,5.15,0,1.0,still: reading
323375,5.166666666666667,0,1.0,still: reading
324375,5.183333333333334,0,1.0,still: reading
325375,5.2,0,1.0,still: reading
326375,5.216666666666667,0,1.0,still: reading
327375,5.233333333333333,0,1.0,still: reading
328375,5.25,0,1.0,still: reading
329375,5.266666666666667,0,1.0,still: reading
330375,5.283333333333333,0,1.0,still: reading
331375,5.3,0,1.0,still: reading
332375,5.316666666666666,0,1.0,still: reading
333375,5.333333333333333,0,1.0,still: reading
334375,5.35,0,1.0,still: reading
335375,5.366666666666666,0,1.0,still: reading
336375,5.383333333333334,0,1.0,still: reading
337375,5.4,0,1.0,still: reading
338375,5.416666666666667,0,1.0,still: reading
339375,5.433333333333334,0,1.0,still: reading
340375,5.45,0,1.0,still: reading
341375,5.466666666666667,0,1.0,still: reading
342375,5.483333333333333,0,1.0,still: reading
343375,5.5,0,1.0,still: reading
344375,5.516666666666667,0,1.0,still: reading
345375,5.533333333333333,0,1.0,still: reading
346375,5.55,0,1.0,still: reading
347375,5.566666666666666,0,1.0,still: reading
348375,5.583333333333333,0,1.0,still: reading
349375,5.6,0,1.0,still: reading
350375,5.616666666666666,0,1.0,still: reading
351375,5.633333333333334,0,1.0,still: reading
352375,5.65,0,1.0,still: reading
353375,5.666666666666667,0,1.0,still: reading
354375,5.683333333333334,0,1.0,still: reading
355375,5.7,0,1.0,still: reading
356375,5.716666666666667,0,1.0,still: reading
357375,5.733333333333333,0,1.0,still: reading
358375,5.75,0,1.0,still: reading
359375,5.766666666666667,0,1.0,still: reading
360375,5.783333333333333,0,1.0,still: reading
361375,5.8,0,1.0,still: reading
362375,5.816666666666666,0,1.0,still: reading
363375,5.833333333333333,0,1.0,still: reading
364375,5.85,0,1.0,still: reading
365375,5.866666666666666,0,1.0,still: reading
366375,5.883333333333334,0,1.0,still: reading
367375,5.9,0,1.0,still: reading
368375,5.916666666666667,0,1.0,still: reading
369375,5.933333333333334,0,1.0,still: reading
370375,5.95,0,1.0,still: reading
371375,5.966666666666667,0,1.0,still: reading
372375,5.983333333333333,0,1.0,still: reading
373375,6.0,0,1.0,moving
374375,6.016666666666667,0,1.0,moving
375375,6.033333333333333,0,1.0,moving
376375,6.05,0,1.0,moving
377375,6.066666666666666,0,1.0,moving
378375,6.083333333333333,0,1.0,moving
379375,6.1,0,1.0,moving
380375,6.116666666666666,0,1.0,moving
381375,6.133333333333334,0,1.0,moving
382375,6.15,0,1.0,moving
383375,6.166666666666667,0,1.0,moving
384375,6.183333333333334,0,1.0,moving
385375,6.2,0,1.0,moving
386375,6.216666666666667,0,1.0,moving
387375,6.233333333333333,0,1.0,moving
388375,6.25,0,1.0,moving
389375,6.266666666666667,0,1.0,moving
390375,6.283333333333333,0,1.0,moving
391375,6.3,0,1.0,moving
392375,6.316666666666666,0,1.0,moving
393375,6.333333333333333,0,1.0,moving
394375,6.35,0,1.0,moving
395375,6.366666666666666,0,1.0,moving
396375,6.383333333333334,0,1.0,moving
397375,6.4,0,1.0,moving
398375,6.416666666666667,0,1.0,moving
399375,6.433333333333334,0,1.0,moving
400375,6.45,0,1.0,moving
401375,6.466666666666667,0,1.0,moving
402375,6.483333333333333,0,1.0,moving
403375,6.5,0,1.0,moving
404375,6.516666666666667,0,1.0,moving
405375,6.533333333333333,0,1.0,moving
406375,6.55,0,1.0,moving
407375,6.566666666666666,0,1.0,moving
408375,6.583333333333333,0,1.0,moving
409375,6.6,0,1.0,moving
410375,6.616666666666666,0,1.0,moving
411375,6.633333333333334,0,1.0,moving
412375,6.65,0,1.0,moving
413375,6.666666666666667,0,1.0,moving
414375,6.683333333333334,0,1.0,moving
415375,6.7,0,1.0,moving
416375,6.716666666666667,1,1.0,moving
417375,6.733333333333333,1,1.0,moving
418375,6.75,1,1.0,moving
419375,6.766666666666667,1,1.0,moving
420375,6.783333333333333,0,1.0,moving
421375,6.8,0,1.0,moving
422375,6.816666666666666,0,1.0,moving
423375,6.833333333333333,0,1.0,moving
424375,6.85,1,1.0,moving
425375,6.866666666666666,1,1.0,moving
426375,6.883333333333334,0,1.0,moving
427375,6.9,0,1.0,moving
428375,6.916666666666667,0,1.0,moving
429375,6.933333333333334,1,1.0,moving
430375,6.95,1,1.0,moving
431375,6.966666666666667,1,1.0,moving
432375,6.983333333333333,0,1.0,moving
433375,7.0,0,1.0,moving
434375,7.016666666666667,0,1.0,moving
435375,7.033333333333333,0,1.0,moving
436375,7.05,0,1.0,moving
437375,7.066666666666666,1,1.0,moving
438375,7.083333333333333,1,1.0,moving
439375,7.1,1,1.0,moving
440375,7.116666666666666,1,1.0,moving
441375,7.133333333333334,1,1.0,moving
442375,7.15,1,1.0,moving
443375,7.166666666666667,1,1.0,moving
444375,7.183333333333334,1,1.0,moving
445375,7.2,1,1.0,moving
446375,7.216666666666667,1,1.0,moving
447375,7.233333333333333,1,1.0,moving
448375,7.25,1,1.0,moving
449375,7.266666666666667,1,1.0,moving
450375,7.283333333333333,1,1.0,moving
451375,7.3,1,1.0,moving
452375,7.316666666666666,1,1.0,moving
453375,7.333333333333333,1,1.0,moving
454375,7.35,0,1.0,moving
455375,7.366666666666666,0,1.0,moving
456375,7.383333333333334,0,1.0,moving
457375,7.4,0,1.0,moving
458375,7.416666666666667,1,1.0,moving
459375,7.433333333333334,0,1.0,moving
460375,7.45,0,1.0,moving
461375,7.466666666666667,0,1.0,moving
462375,7.483333333333333,0,1.0,moving
463375,7.5,1,1.0,moving
464375,7.516666666666667,1,1.0,moving
465375,7.533333333333333,1,1.0,moving
466375,7.55,1,1.0,moving
467375,7.566666666666666,0,1.0,moving
468375,7.583333333333333,0,1.0,moving
469375,7.6,0,1.0,moving
470375,7.616666666666666,0,1.0,moving
471375,7.633333333333334,1,1.0,moving
472375,7.65,0,1.0,moving
473375,7.666666666666667,0,1.0,moving
474375,7.683333333333334,0,1.0,moving
475375,7.7,0,1.0,moving
476375,7.716666666666667,0,1.0,moving
477375,7.733333333333333,1,1.0,moving
478375,7.75,1,1.0,moving
479375,7.766666666666667,1,1.0,moving
480375,7.783333333333333,1,1.0,moving
481375,7.8,1,1.0,moving
482375,7.816666666666666,1,1.0,moving
483375,7.833333333333333,1,1.0,moving
484375,7.85,1,1.0,moving
485375,7.866666666666666,1,1.0,moving
486375,7.883333333333334,1,1.0,moving
487375,7.9,1,1.0,moving
488375,7.916666666666667,0,1.0,moving
489375,7.933333333333334,0,1.0,moving
490375,7.95,0,1.0,moving
491375,7.966666666666667,0,1.0,moving
492375,7.983333333333333,1,1.0,moving
493375,8.0,1,1.0,moving
494375,8.016666666666667,1,1.0,moving
495375,8.033333333333333,1,1.0,moving
496375,8.05,0,1.0,moving
497375,8.066666666666666,0,1.0,moving
498375,8.083333333333334,0,1.0,moving
499375,8.1,0,1.0,moving
500375,8.116666666666667,0,1.0,moving
501375,8.133333333333333,1,1.0,moving
502375,8.15,1,1.0,moving
503375,8.166666666666666,0,1.0,moving
504375,8.183333333333334,0,1.0,moving
505375,8.2,0,1.0,moving
506375,8.216666666666667,0,1.0,moving
507375,8.233333333333333,1,1.0,moving
508375,8.25,1,1.0,moving
509375,8.266666666666667,0,1.0,moving
510375,8.283333333333333,0,1.0,moving
511375,8.3,0,1.0,moving
512375,8.316666666666666,0,1.0,moving
513375,8.333333333333334,0,1.0,moving
514375,8.35,1,1.0,moving
515375,8.366666666666667,1,1.0,moving
516375,8.383333333333333,0,1.0,moving
517375,8.4,0,1.0,moving
518375,8.416666666666666,0,1.0,moving
519375,8.433333333333334,0,1.0,moving
520375,8.45,1,1.0,moving
521375,8.466666666666667,1,1.0,moving
522375,8.483333333333333,1,1.0,moving
523375,8.5,1,1.0,moving
524375,8.516666666666667,1,1.0,moving
525375,8.533333333333333,0,1.0,moving
526375,8.55,0,1.0,moving
527375,8.566666666666666,0,1.0,moving
528375,8.583333333333334,0,1.0,moving
529375,8.6,1,1.0,moving
530375,8.616666666666667,1,1.0,moving
531375,8.633333333333333,1,1.0,moving
532375,8.65,1,1.0,moving
533375,8.666666666666666,0,1.0,moving
534375,8.683333333333334,0,1.0,moving
535375,8.7,0,1.0,moving
536375,8.716666666666667,0,1.0,moving
537375,8.733333333333333,0,1.0,moving
538375,8.75,0,1.0,moving
539375,8.766666666666667,1,1.0,moving
540375,8.783333333333333,0,1.0,moving
541375,8.8,0,1.0,moving
542375,8.816666666666666,0,1.0,moving
543375,8.833333333333334,0,1.0,moving
544375,8.85,1,1.0,moving
545375,8.866666666666667,1,1.0,moving
546375,8.883333333333333,1,1.0,moving
547375,8.9,1,1.0,moving
548375,8.916666666666666,1,1.0,moving
549375,8.933333333333334,1,1.0,moving
550375,8.95,1,1.0,moving
551375,8.966666666666667,1,1.0,moving
552375,8.983333333333333,1,1.0,moving
553375,9.0,1,1.0,still: focused
554375,9.016666666666667,1,1.0,still: focused
555375,9.033333333333333,1,1.0,still: focused
556375,9.05,1,1.0,still: focused
557375,9.066666666666666,1,1.0,still: focused
558375,9.083333333333334,0,1.0,still: focused
559375,9.1,0,1.0,still: focused
560375,9.116666666666667,0,1.0,still: focused
561375,9.133333333333333,0,1.0,still: focused
562375,9.15,1,1.0,still: focused
563375,9.166666666666666,1,1.0,still: focused
564375,9.183333333333334,1,1.0,still: focused
565375,9.2,1,1.0,still: focused
566375,9.216666666666667,0,1.0,still: focused
567375,9.233333333333333,0,1.0,still: focused
568375,9.25,0,1.0,still: focused
569375,9.266666666666667,0,1.0,still: focused
570375,9.283333333333333,0,1.0,still: focused
571375,9.3,0,1.0,still: focused
572375,9.316666666666666,1,1.0,still: focused
573375,9.333333333333334,1,1.0,still: focused
574375,9.35,0,1.0,still: focused
575375,9.366666666666667,0,1.0,still: focused
576375,9.383333333333333,0,1.0,still: focused
577375,9.4,0,1.0,still: focused
578375,9.416666666666666,0,1.0,still: focused
579375,9.433333333333334,1,1.0,still: focused
580375,9.45,1,1.0,still: focused
581375,9.466666666666667,1,1.0,still: focused
582375,9.483333333333333,1,1.0,still: focused
583375,9.5,1,1.0,still: focused
584375,9.516666666666667,1,1.0,still: focused
585375,9.533333333333333,1,1.0,still: focused
586375,9.55,1,1.0,still: focused
587375,9.566666666666666,0,1.0,still: focused
588375,9.583333333333334,0,1.0,still: focused
589375,9.6,0,1.0,still: focused
590375,9.616666666666667,0,1.0,still: focused
591375,9.633333333333333,1,1.0,still: focused
592375,9.65,1,1.0,still: focused
593375,9.666666666666666,1,1.0,still: focused
594375,9.683333333333334,1,1.0,still: focused
595375,9.7,1,1.0,still: focused
596375,9.716666666666667,1,1.0,still: focused
597375,9.733333333333333,0,1.0,still: focused
598375,9.75,0,1.0,still: focused
599375,9.766666666666667,0,1.0,still: focused
600375,9.783333333333333,0,1.0,still: focused
601375,9.8,0,1.0,still: focused
602375,9.816666666666666,0,1.0,still: focused
603375,9.833333333333334,1,1.0,still: focused
604375,9.85,1,1.0,still: focused
605375,9.866666666666667,1,1.0,still: focused
606375,9.883333333333333,1,1.0,still: focused
607375,9.9,1,1.0,still: focused
608375,9.916666666666666,1,1.0,still: focused
609375,9.933333333333334,1,1.0,still: focused
610375,9.95,1,1.0,still: focused
611375,9.966666666666667,1,1.0,still: focused
612375,9.983333333333333,1,1.0,still: focused
613375,10.0,1,1.0,still: focused
614375,10.016666666666667,1,1.0,still: focused
615375,10.033333333333333,1,1.0,still: focused
616375,10.05,1,1.0,still: focused
617375,10.066666666666666,1,1.0,still: focused
618375,10.083333333333334,1,1.0,still: focused
619375,10.1,1,1.0,still: focused
620375,10.116666666666667,1,1.0,still: focused
621375,10.133333333333333,1,1.0,still: focused
622375,10.15,1,1.0,still: focused
623375,10.166666666666666,1,1.0,still: focused
624375,10.183333333333334,1,1.0,still: focused
625375,10.2,1,1.0,still: focused
626375,10.216666666666667,1,1.0,still: focused
627375,10.233333333333333,1,1.0,still: focused
628375,10.25,1,1.0,still: focused
629375,10.266666666666667,1,1.0,still: focused
630375,10.283333333333333,1,1.0,still: focused
631375,10.3,1,1.0,still: focused
632375,10.316666666666666,0,1.0,still: focused
633375,10.333333333333334,0,1.0,still: focused
634375,10.35,0,1.0,still: focused
635375,10.366666666666667,0,1.0,still: focused
636375,10.383333333333333,1,1.0,still: focused
637375,10.4,1,1.0,still: focused
638375,10.416666666666666,1,1.0,still: focused
639375,10.433333333333334,1,1.0,still: focused
640375,10.45,1,1.0,still: focused
641375,10.466666666666667,0,1.0,still: focused
642375,10.483333333333333,0,1.0,still: focused
643375,10.5,0,1.0,still: focused
644375,10.516666666666667,0,1.0,still: focused
645375,10.533333333333333,1,1.0,still: focused
646375,10.55,1,1.0,still: focused
647375,10.566666666666666,1,1.0,still: focused
648375,10.583333333333334,1,1.0,still: focused
649375,10.6,1,1.0,still: focused
650375,10.616666666666667,0,1.0,still: focused
651375,10.633333333333333,0,1.0,still: focused
652375,10.65,0,1.0,still: focused
653375,10.666666666666666,0,1.0,still: focused
654375,10.683333333333334,0,1.0,still: focused
655375,10.7,0,1.0,still: focused
656375,10.716666666666667,1,1.0,still: focused
657375,10.733333333333333,1,1.0,still: focused
658375,10.75,0,1.0,still: focused
659375,10.766666666666667,0,1.0,still: focused
660375,10.783333333333333,0,1.0,still: focused
661375,10.8,0,1.0,still: focused
662375,10.816666666666666,0,1.0,still: focused
663375,10.833333333333334,0,1.0,still: focused
664375,10.85,1,1.0,still: focused
665375,10.866666666666667,1,1.0,still: focused
666375,10.883333333333333,1,1.0,still: focused
667375,10.9,1,1.0,still: focused
668375,10.916666666666666,1,1.0,still: focused
669375,10.933333333333334,1,1.0,still: focused
670375,10.95,1,1.0,still: focused
671375,10.966666666666667,0,1.0,still: focused
672375,10.983333333333333,0,1.0,still: focused
673375,11.0,0,1.0,still: focused
674375,11.016666666666667,0,1.0,still: focused
675375,11.033333333333333,0,1.0,still: focused
676375,11.05,0,1.0,still: focused
677375,11.066666666666666,0,1.0,still: focused
678375,11.083333333333334,0,1.0,still: focused
679375,11.1,0,1.0,still: focused
680375,11.116666666666667,0,1.0,still: focused
681375,11.133333333333333,0,1.0,still: focused
682375,11.15,0,1.0,still: focused
683375,11.166666666666666,0,1.0,still: focused
684375,11.183333333333334,0,1.0,still: focused
685375,11.2,0,1.0,still: focused
686375,11.216666666666667,0,1.0,still: focused
687375,11.233333333333333,0,1.0,still: focused
688375,11.25,0,1.0,still: focused
689375,11.266666666666667,0,1.0,still: focused
690375,11.283333333333333,0,1.0,still: focused
691375,11.3,0,1.0,still: focused
692375,11.316666666666666,1,1.0,still: focused
693375,11.333333333333334,1,1.0,still: focused
694375,11.35,0,1.0,still: focused
695375,11.366666666666667,0,1.0,still: focused
696375,11.383333333333333,0,1.0,still: focused
697375,11.4,0,1.0,still: focused
698375,11.416666666666666,0,1.0,still: focused
699375,11.433333333333334,0,1.0,still: focused
700375,11.45,0,1.0,still: focused
701375,11.466666666666667,1,1.0,still: focused
702375,11.483333333333333,1,1.0,still: focused
703375,11.5,1,1.0,still: focused
704375,11.516666666666667,1,1.0,still: focused
705375,11.533333333333333,0,1.0,still: focused
706375,11.55,0,1.0,still: focused
707375,11.566666666666666,0,1.0,still: focused
708375,11.583333333333334,0,1.0,still: focused
709375,11.6,0,1.0,still: focused
710375,11.616666666666667,0,1.0,still: focused
711375,11.633333333333333,0,1.0,still: focused
712375,11.65,0,1.0,still: focused
713375,11.666666666666666,0,1.0,still: focused
714375,11.683333333333334,0,1.0,still: focused
715375,11.7,0,1.0,still: focused
716375,11.716666666666667,0,1.0,still: focused
717375,11.733333333333333,0,1.0,still: focused
718375,11.75,0,1.0,still: focused
719375,11.766666666666667,0,1.0,still: focused
720375,11.783333333333333,0,1.0,still: focused
721375,11.8,0,1.0,still: focused
722375,11.816666666666666,0,1.0,still: focused
723375,11.833333333333334,0,1.0,still: focused
724375,11.85,0,1.0,still: focused
725375,11.866666666666667,0,1.0,still: focused
726375,11.883333333333333,0,1.0,still: focused
727375,11.9,0,1.0,still: focused
728375,11.916666666666666,0,1.0,still: focused
729375,11.933333333333334,0,1.0,still: focused
730375,11.95,0,1.0,still: focused
731375,11.966666666666667,0,1.0,still: focused
732375,11.983333333333333,0,1.0,still: focused
733375,12.0,0,1.0,still: focused
734375,12.016666666666667,0,1.0,still: focused
735375,12.033333333333333,0,1.0,still: focused
736375,12.05,0,1.0,still: focused
737375,12.066666666666666,0,1.0,still: focused
738375,12.083333333333334,0,1.0,still: focused
739375,12.1,0,1.0,still: focused
740375,12.116666666666667,0,1.0,still: focused
741375,12.133333333333333,0,1.0,still: focused
742375,12.15,0,1.0,still: focused
743375,12.166666666666666,0,1.0,still: focused
744375,12.183333333333334,0,1.0,still: focused
745375,12.2,0,1.0,still: focused
746375,12.216666666666667,0,1.0,still: focused
747375,12.233333333333333,0,1.0,still: focused
748375,12.25,0,1.0,still: focused
749375,12.266666666666667,0,1.0,still: focused
750375,12.283333333333333,0,1.0,still: focused
751375,12.3,0,1.0,still: focused
752375,12.316666666666666,0,1.0,still: focused
753375,12.333333333333334,0,1.0,still: focused
754375,12.35,0,1.0,still: focused
755375,12.366666666666667,0,1.0,still: focused
756375,12.383333333333333,0,1.0,still: focused
757375,12.4,0,1.0,still: focused
758375,12.416666666666666,0,1.0,still: focused
759375,12.433333333333334,0,1.0,still: focused
760375,12.45,0,1.0,still: focused
761375,12.466666666666667,0,1.0,still: focused
762375,12.483333333333333,0,1.0,still: focused
763375,12.5,0,1.0,still: focused
764375,12.516666666666667,0,1.0,still: focused
765375,12.533333333333333,0,1.0,still: focused
766375,12.55,0,1.0,still: focused
767375,12.566666666666666,0,1.0,still: focused
768375,12.583333333333334,0,1.0,still: focused
769375,12.6,0,1.0,still: focused
770375,12.616666666666667,0,1.0,still: focused
771375,12.633333333333333,0,1.0,still: focused
772375,12.65,0,1.0,still: focused
773375,12.666666666666666,0,1.0,still: focused
774375,12.683333333333334,0,1.0,still: focused
775375,12.7,0,1.0,still: focused
776375,12.716666666666667,0,1.0,still: focused
777375,12.733333333333333,0,1.0,still: focused
778375,12.75,0,1.0,still: focused
779375,12.766666666666667,0,1.0,still: focused
780375,12.783333333333333,0,1.0,still: focused
781375,12.8,0,1.0,still: focused
782375,12.816666666666666,0,1.0,still: focused
783375,12.833333333333334,0,1.0,still: focused
784375,12.85,0,1.0,still: focused
785375,12.866666666666667,0,1.0,still: focused
786375,12.883333333333333,0,1.0,still: focused
787375,12.9,0,1.0,still: focused
788375,12.916666666666666,0,1.0,still: focused
789375,12.933333333333334,0,1.0,still: focused
790375,12.95,0,1.0,still: focused
791375,12.966666666666667,0,1.0,still: focused
792375,12.983333333333333,0,1.0,still: focused
793375,13.0,0,1.0,still: focused
794375,13.016666666666667,0,1.0,still: focused
795375,13.033333333333333,0,1.0,still: focused
796375,13.05,0,1.0,still: focused
797375,13.066666666666666,0,1.0,still: focused
798375,13.083333333333334,0,1.0,still: focused
799375,13.1,0,1.0,still: focused
800375,13.116666666666667,0,1.0,still: focused
801375,13.133333333333333,0,1.0,still: focused
802375,13.15,0,1.0,still: focused
803375,13.166666666666666,0,1.0,still: focused
804375,13.183333333333334,0,1.0,still: focused
805375,13.2,0,1.0,still: focused
806375,13.216666666666667,0,1.0,still: focused
807375,13.233333333333333,0,1.0,still: focused
808375,13.25,0,1.0,still: focused
809375,13.266666666666667,0,1.0,still: focused
810375,13.283333333333333,0,1.0,still: focused
811375,13.3,0,1.0,still: focused
812375,13.316666666666666,0,1.0,still: focused
813375,13.333333333333334,0,1.0,still: focused
814375,13.35,0,1.0,still: focused
815375,13.366666666666667,0,1.0,still: focused
816375,13.383333333333333,0,1.0,still: focused
817375,13.4,0,1.0,still: focused
818375,13.416666666666666,0,1.0,still: focused
819375,13.433333333333334,0,1.0,still: focused
820375,13.45,0,1.0,still: focused
821375,13.466666666666667,0,1.0,still: focused
822375,13.483333333333333,0,1.0,still: focused
823375,13.5,0,1.0,still: focused
824375,13.516666666666667,0,1.0,still: focused
825375,13.533333333333333,0,1.0,still: focused
826375,13.55,0,1.0,still: focused
827375,13.566666666666666,0,1.0,still: focused
828375,13.583333333333334,0,1.0,still: focused
829375,13.6,0,1.0,still: focused
830375,13.616666666666667,0,1.0,still: focused
831375,13.633333333333333,0,1.0,still: focused
832375,13.65,0,1.0,still: focused
833375,13.666666666666666,0,1.0,still: focused
834375,13.683333333333334,0,1.0,still: focused
835375,13.7,0,1.0,still: focused
836375,13.716666666666667,0,1.0,still: focused
837375,13.733333333333333,0,1.0,still: focused
838375,13.75,0,1.0,still: focused
839375,13.766666666666667,0,1.0,still: focused
840375,13.783333333333333,0,1.0,still: focused
841375,13.8,0,1.0,still: focused
842375,13.816666666666666,0,1.0,still: focused
843375,13.833333333333334,0,1.0,still: focused
844375,13.85,0,1.0,still: focused
845375,13.866666666666667,0,1.0,still: focused
846375,13.883333333333333,0,1.0,still: focused
847375,13.9,0,1.0,still: focused
848375,13.916666666666666,0,1.0,still: focused
849375,13.933333333333334,0,1.0,still: focused
850375,13.95,0,1.0,still: focused
851375,13.966666666666667,0,1.0,still: focused
852375,13.983333333333333,0,1.0,still: focused
853375,14.0,0,1.0,still: focused
854375,14.016666666666667,0,1.0,still: focused
855375,14.033333333333333,0,1.0,still: focused
856375,14.05,0,1.0,still: focused
857375,14.066666666666666,0,1.0,still: focused
858375,14.083333333333334,0,1.0,still: focused
859375,14.1,0,1.0,still: focused
860375,14.116666666666667,0,1.0,still: focused
861375,14.133333333333333,0,1.0,still: focused
862375,14.15,0,1.0,still: focused
863375,14.166666666666666,0,1.0,still: focused
864375,14.183333333333334,0,1.0,still: focused
865375,14.2,0,1.0,still: focused
866375,14.216666666666667,0,1.0,still: focused
867375,14.233333333333333,0,1.0,still: focused
868375,14.25,0,1.0,still: focused
869375,14.266666666666667,0,1.0,still: focused
870375,14.283333333333333,0,1.0,still: focused
871375,14.3,0,1.0,still: focused
872375,14.316666666666666,0,1.0,still: focused
873375,14.333333333333334,0,1.0,still: focused
874375,14.35,0,1.0,still: focused
875375,14.366666666666667,0,1.0,still: focused
876375,14.383333333333333,0,1.0,still: focused
877375,14.4,0,1.0,still: focused
878375,14.416666666666666,0,1.0,still: focused
879375,14.433333333333334,0,1.0,still: focused
880375,14.45,0,1.0,still: focused
881375,14.466666666666667,0,1.0,still: focused
882375,14.483333333333333,0,1.0,still: focused
883375,14.5,0,1.0,still: focused
884375,14.516666666666667,0,1.0,still: focused
885375,14.533333333333333,0,1.0,still: focused
886375,14.55,0,1.0,still: focused
887375,14.566666666666666,0,1.0,still: focused
888375,14.583333333333334,0,1.0,still: focused
889375,14.6,0,1.0,still: focused
890375,14.616666666666667,0,1.0,still: focused
891375,14.633333333333333,0,1.0,still: focused
892375,14.65,0,1.0,still: focused
893375,14.666666666666666,0,1.0,still: focused
894375,14.683333333333334,0,1.0,still: focused
895375,14.7,0,1.0,still: focused
896375,14.716666666666667,0,1.0,still: focused
897375,14.733333333333333,0,1.0,still: focused
898375,14.75,0,1.0,still: focused
899375,14.766666666666667,0,1.0,still: focused
900375,14.783333333333333,0,1.0,still: focused
901375,14.8,0,1.0,still: focused
902375,14.816666666666666,0,1.0,still: focused
903375,14.833333333333334,0,1.0,still: focused
904375,14.85,0,1.0,still: focused
905375,14.866666666666667,1,1.0,still: focused
906375,14.883333333333333,0,1.0,still: focused
907375,14.9,0,1.0,still: focused
908375,14.916666666666666,0,1.0,still: focused
909375,14.933333333333334,0,1.0,still: focused
910375,14.95,0,1.0,still: focused
911375,14.966666666666667,0,1.0,still: focused
912375,14.983333333333333,0,1.0,still: focused
913375,15.0,0,0.0,away
914375,15.016666666666667,0,0.0,away
915375,15.033333333333333,0,0.0,away
916375,15.05,0,0.0,away
917375,15.066666666666666,0,0.0,away
918375,15.083333333333334,0,0.0,away
919375,15.1,0,0.0,away
920375,15.116666666666667,0,0.0,away
921375,15.133333333333333,0,0.0,away
922375,15.15,0,0.0,away
923375,15.166666666666666,0,0.0,away
924375,15.183333333333334,0,0.0,away
925375,15.2,0,0.0,away
926375,15.216666666666667,0,0.0,away
927375,15.233333333333333,0,0.0,away
928375,15.25,0,0.0,away
929375,15.266666666666667,0,0.0,away
930375,15.283333333333333,0,0.0,away
931375,15.3,0,0.0,away
932375,15.316666666666666,0,0.0,away
933375,15.333333333333334,0,0.0,away
934375,15.35,0,0.0,away
935375,15.366666666666667,0,0.0,away
936375,15.383333333333333,0,0.0,away
937375,15.4,0,0.0,away
938375,15.416666666666666,0,0.0,away
939375,15.433333333333334,0,0.0,away
940375,15.45,0,0.0,away
941375,15.466666666666667,0,0.0,away
942375,15.483333333333333,0,0.0,away
943375,15.5,0,0.0,away
944375,15.516666666666667,0,0.0,away
945375,15.533333333333333,0,0.0,away
946375,15.55,1,0.0,away
947375,15.566666666666666,1,0.0,away
948375,15.583333333333334,1,0.0,away
949375,15.6,0,0.0,away
950375,15.616666666666667,0,0.0,away
951375,15.633333333333333,0,0.0,away
952375,15.65,0,0.0,away
953375,15.666666666666666,1,0.0,away
954375,15.683333333333334,1,0.0,away
955375,15.7,1,0.0,away
956375,15.716666666666667,1,0.0,away
957375,15.733333333333333,1,0.0,away
958375,15.75,1,0.0,away
959375,15.766666666666667,1,0.0,away
960375,15.783333333333333,0,0.0,away
961375,15.8,0,0.0,away
962375,15.816666666666666,0,0.0,away
963375,15.833333333333334,0,0.0,away
964375,15.85,0,0.0,away
965375,15.866666666666667,1,0.0,away
966375,15.883333333333333,0,0.0,away
967375,15.9,0,0.0,away
968375,15.916666666666666,0,0.0,away
969375,15.933333333333334,0,0.0,away
970375,15.95,1,0.0,away
971375,15.966666666666667,1,0.0,away
972375,15.983333333333333,0,0.0,away
973375,16.0,0,0.0,away
974375,16.016666666666666,0,0.0,away
975375,16.033333333333335,0,0.0,away
976375,16.05,0,0.0,away
977375,16.066666666666666,0,0.0,away
978375,16.083333333333332,0,0.0,away
979375,16.1,0,0.0,away
980375,16.116666666666667,0,0.0,away
981375,16.133333333333333,0,0.0,away
982375,16.15,0,0.0,away
983375,16.166666666666668,0,0.0,away
984375,16.183333333333334,0,0.0,away
985375,16.2,0,0.0,away
986375,16.216666666666665,0,0.0,away
987375,16.233333333333334,0,0.0,away
988375,16.25,0,0.0,away
989375,16.266666666666666,0,0.0,away
990375,16.283333333333335,0,0.0,away
991375,16.3,0,0.0,away
992375,16.316666666666666,0,0.0,away
993375,16.333333333333332,0,0.0,away
994375,16.35,0,0.0,away
995375,16.366666666666667,0,0.0,away
996375,16.383333333333333,0,0.0,away
997375,16.4,0,0.0,away
998375,16.416666666666668,0,0.0,away
999375,16.433333333333334,0,0.0,away
1000375,16.45,0,0.0,away
1001375,16.466666666666665,0,0.0,away
1002375,16.483333333333334,0,0.0,away
1003375,16.5,0,0.0,away
1004375,16.516666666666666,0,0.0,away
1005375,16.533333333333335,0,0.0,away
1006375,16.55,0,0.0,away
1007375,16.566666666666666,0,0.0,away
1008375,16.583333333333332,0,0.0,away
1009375,16.6,0,0.0,away
1010375,16.616666666666667,0,0.0,away
1011375,16.633333333333333,0,0.0,away
1012375,16.65,0,0.0,away
1013375,16.666666666666668,0,0.0,away
1014375,16.683333333333334,0,0.0,away
1015375,16.7,0,0.0,away
1016375,16.716666666666665,0,0.0,away
1017375,16.733333333333334,0,0.0,away
1018375,16.75,0,0.0,away
1019375,16.766666666666666,0,0.0,away
1020375,16.783333333333335,0,0.0,away
1021375,16.8,0,0.0,away
1022375,16.816666666666666,0,0.0,away
1023375,16.833333333333332,0,0.0,away
1024375,16.85,0,0.0,away
1025375,16.866666666666667,0,0.0,away
1026375,16.883333333333333,0,0.0,away
1027375,16.9,0,0.0,away
1028375,16.916666666666668,0,0.0,away
1029375,16.933333333333334,0,0.0,away
1030375,16.95,0,0.0,away
1031375,16.966666666666665,0,0.0,away
1032375,16.983333333333334,0,0.0,away
1033375,17.0,0,0.0,away
1034375,17.016666666666666,0,0.0,away
1035375,17.033333333333335,0,0.0,away
1036375,17.05,0,0.0,away
1037375,17.066666666666666,0,0.0,away
1038375,17.083333333333332,0,0.0,away
1039375,17.1,0,0.0,away
1040375,17.116666666666667,0,0.0,away
1041375,17.133333333333333,0,0.0,away
1042375,17.15,0,0.0,away
1043375,17.166666666666668,0,0.0,away
1044375,17.183333333333334,0,0.0,away
1045375,17.2,0,0.0,away
1046375,17.216666666666665,0,0.0,away
1047375,17.233333333333334,0,0.0,away
1048375,17.25,0,0.0,away
1049375,17.266666666666666,0,0.0,away
1050375,17.283333333333335,0,0.0,away
1051375,17.3,0,0.0,away
1052375,17.316666666666666,0,0.0,away
1053375,17.333333333333332,0,0.0,away
1054375,17.35,0,0.0,away
1055375,17.366666666666667,0,0.0,away
1056375,17.383333333333333,0,0.0,away
1057375,17.4,0,0.0,away
1058375,17.416666666666668,0,0.0,away
1059375,17.433333333333334,0,0.0,away
1060375,17.45,0,0.0,away
1061375,17.466666666666665,0,0.0,away
1062375,17.483333333333334,0,0.0,away
1063375,17.5,0,0.0,away
1064375,17.516666666666666,0,0.0,away
1065375,17.533333333333335,0,0.0,away
1066375,17.55,0,0.0,away
1067375,17.566666666666666,0,0.0,away
1068375,17.583333333333332,0,0.0,away
1069375,17.6,0,0.0,away
1070375,17.616666666666667,0,0.0,away
1071375,17.633333333333333,0,0.0,away
1072375,17.65,0,0.0,away
1073375,17.666666666666668,0,0.0,away
1074375,17.683333333333334,0,0.0,away
1075375,17.7,0,0.0,away
1076375,17.716666666666665,0,0.0,away
1077375,17.733333333333334,0,0.0,away
1078375,17.75,0,0.0,away
1079375,17.766666666666666,0,0.0,away
1080375,17.783333333333335,0,0.0,away
1081375,17.8,0,0.0,away
1082375,17.816666666666666,0,0.0,away
1083375,17.833333333333332,0,0.0,away
1084375,17.85,0,0.0,away
1085375,17.866666666666667,0,0.0,away
1086375,17.883333333333333,0,0.0,away
1087375,17.9,0,0.0,away
1088375,17.916666666666668,0,0.0,away
1089375,17.933333333333334,0,0.0,away
1090375,17.95,0,0.0,away
1091375,17.966666666666665,0,0.0,away
1092375,17.983333333333334,0,0.0,away
1093375,18.0,0,1.0,normal work
1094375,18.016666666666666,0,1.0,normal work
1095375,18.033333333333335,0,1.0,normal work
1096375,18.05,0,1.0,normal work
1097375,18.066666666666666,0,1.0,normal work
1098375,18.083333333333332,0,1.0,normal work
1099375,18.1,0,1.0,normal work
1100375,18.116666666666667,0,1.0,normal work
1101375,18.133333333333333,0,1.0,normal work
1102375,18.15,0,1.0,normal work
1103375,18.166666666666668,0,1.0,normal work
1104375,18.183333333333334,0,1.0,normal work
1105375,18.2,0,1.0,normal work
1106375,18.216666666666665,0,1.0,normal work
1107375,18.233333333333334,0,1.0,normal work
1108375,18.25,0,1.0,normal work
1109375,18.266666666666666,0,1.0,normal work
1110375,18.283333333333335,0,1.0,normal work
1111375,18.3,0,1.0,normal work
1112375,18.316666666666666,0,1.0,normal work
1113375,18.333333333333332,0,1.0,normal work
1114375,18.35,0,1.0,normal work
1115375,18.366666666666667,0,1.0,normal work
1116375,18.383333333333333,0,1.0,normal work
1117375,18.4,0,1.0,normal work
1118375,18.416666666666668,0,1.0,normal work
1119375,18.433333333333334,0,1.0,normal work
1120375,18.45,0,1.0,normal work
1121375,18.466666666666665,0,1.0,normal work
1122375,18.483333333333334,0,1.0,normal work
1123375,18.5,0,1.0,normal work
1124375,18.516666666666666,0,1.0,normal work
1125375,18.533333333333335,0,1.0,normal work
1126375,18.55,0,1.0,normal work
1127375,18.566666666666666,0,1.0,normal work
1128375,18.583333333333332,0,1.0,normal work
1129375,18.6,0,1.0,normal work
1130375,18.616666666666667,0,1.0,normal work
1131375,18.633333333333333,0,1.0,normal work
1132375,18.65,0,1.0,normal work
1133375,18.666666666666668,0,1.0,normal work
1134375,18.683333333333334,0,1.0,normal work
1135375,18.7,0,1.0,normal work
1136375,18.716666666666665,0,1.0,normal work
1137375,18.733333333333334,0,1.0,normal work
1138375,18.75,0,1.0,normal work
1139375,18.766666666666666,0,1.0,normal work
1140375,18.783333333333335,0,1.0,normal work
1141375,18.8,0,1.0,normal work
1142375,18.816666666666666,0,1.0,normal work
1143375,18.833333333333332,0,1.0,normal work
1144375,18.85,0,1.0,normal work
1145375,18.866666666666667,0,1.0,normal work
1146375,18.883333333333333,0,1.0,normal work
1147375,18.9,0,1.0,normal work
1148375,18.916666666666668,0,1.0,normal work
1149375,18.933333333333334,0,1.0,normal work
1150375,18.95,0,1.0,normal work
1151375,18.966666666666665,0,1.0,normal work
1152375,18.983333333333334,0,1.0,normal work
1153375,19.0,0,1.0,normal work
1154375,19.016666666666666,0,1.0,normal work
1155375,19.033333333333335,0,1.0,normal work
1156375,19.05,0,1.0,normal work
1157375,19.066666666666666,0,1.0,normal work
1158375,19.083333333333332,0,1.0,normal work
1159375,19.1,0,1.0,normal work
1160375,19.116666666666667,0,1.0,normal work
1161375,19.133333333333333,0,1.0,normal work
1162375,19.15,0,1.0,normal work
1163375,19.166666666666668,0,1.0,normal work
1164375,19.183333333333334,0,1.0,normal work
1165375,19.2,0,1.0,normal work
1166375,19.216666666666665,0,1.0,normal work
1167375,19.233333333333334,0,1.0,normal work
1168375,19.25,0,1.0,normal work
1169375,19.266666666666666,0,1.0,normal work
1170375,19.283333333333335,0,1.0,normal work
1171375,19.3,0,1.0,normal work
1172375,19.316666666666666,0,1.0,normal work
1173375,19.333333333333332,0,1.0,normal work
1174375,19.35,0,1.0,normal work
1175375,19.366666666666667,0,1.0,normal work
1176375,19.383333333333333,0,1.0,normal work
1177375,19.4,0,1.0,normal work
1178375,19.416666666666668,0,1.0,normal work
1179375,19.433333333333334,0,1.0,normal work
1180375,19.45,0,1.0,normal work
1181375,19.466666666666665,0,1.0,normal work
1182375,19.483333333333334,0,1.0,normal work
1183375,19.5,0,1.0,normal work
1184375,19.516666666666666,0,1.0,normal work
1185375,19.533333333333335,0,1.0,normal work
1186375,19.55,0,1.0,normal work
1187375,19.566666666666666,0,1.0,normal work
1188375,19.583333333333332,0,1.0,normal work
1189375,19.6,0,1.0,normal work
1190375,19.616666666666667,0,1.0,normal work
1191375,19.633333333333333,0,1.0,normal work
1192375,19.65,0,1.0,normal work
1193375,19.666666666666668,0,1.0,normal work
1194375,19.683333333333334,0,1.0,normal work
1195375,19.7,0,1.0,normal work
1196375,19.716666666666665,0,1.0,normal work
1197375,19.733333333333334,0,1.0,normal work
1198375,19.75,0,1.0,normal work
1199375,19.766666666666666,0,1.0,normal work
1200375,19.783333333333335,0,1.0,normal work
1201375,19.8,0,1.0,normal work
1202375,19.816666666666666,0,1.0,normal work
1203375,19.833333333333332,0,1.0,normal work
1204375,19.85,0,1.0,normal work
1205375,19.866666666666667,0,1.0,normal work
1206375,19.883333333333333,0,1.0,normal work
1207375,19.9,0,1.0,normal work
1208375,19.916666666666668,0,1.0,normal work
1209375,19.933333333333334,0,1.0,normal work
1210375,19.95,0,1.0,normal work
1211375,19.966666666666665,0,1.0,normal work
1212375,19.983333333333334,0,1.0,normal work
1213375,20.0,0,1.0,normal work
1214375,20.016666666666666,0,1.0,normal work
1215375,20.033333333333335,0,1.0,normal work
1216375,20.05,0,1.0,normal work
1217375,20.066666666666666,1,1.0,normal work
1218375,20.083333333333332,1,1.0,normal work
1219375,20.1,1,1.0,normal work
1220375,20.116666666666667,1,1.0,normal work
1221375,20.133333333333333,0,1.0,normal work
1222375,20.15,0,1.0,normal work
1223375,20.166666666666668,0,1.0,normal work
1224375,20.183333333333334,0,1.0,normal work
1225375,20.2,1,1.0,normal work
1226375,20.216666666666665,1,1.0,normal work
1227375,20.233333333333334,1,1.0,normal work
1228375,20.25,1,1.0,normal work
1229375,20.266666666666666,0,1.0,normal work
1230375,20.283333333333335,0,1.0,normal work
1231375,20.3,0,1.0,normal work
1232375,20.316666666666666,0,1.0,normal work
1233375,20.333333333333332,0,1.0,normal work
1234375,20.35,1,1.0,normal work
1235375,20.366666666666667,1,1.0,normal work
1236375,20.383333333333333,0,1.0,normal work
1237375,20.4,0,1.0,normal work
1238375,20.416666666666668,0,1.0,normal work
1239375,20.433333333333334,0,1.0,normal work
1240375,20.45,0,1.0,normal work
1241375,20.466666666666665,1,1.0,normal work
1242375,20.483333333333334,0,1.0,normal work
1243375,20.5,0,1.0,normal work
1244375,20.516666666666666,0,1.0,normal work
1245375,20.533333333333335,0,1.0,normal work
1246375,20.55,0,1.0,normal work
1247375,20.566666666666666,0,1.0,normal work
1248375,20.583333333333332,0,1.0,normal work
1249375,20.6,0,1.0,normal work
1250375,20.616666666666667,0,1.0,normal work
1251375,20.633333333333333,0,1.0,normal work
1252375,20.65,0,1.0,normal work
1253375,20.666666666666668,0,1.0,normal work
1254375,20.683333333333334,0,1.0,normal work
1255375,20.7,0,1.0,normal work
1256375,20.716666666666665,0,1.0,normal work
1257375,20.733333333333334,0,1.0,normal work
1258375,20.75,0,1.0,normal work
1259375,20.766666666666666,0,1.0,normal work
1260375,20.783333333333335,0,1.0,normal work
1261375,20.8,0,1.0,normal work
1262375,20.816666666666666,0,1.0,normal work
1263375,20.833333333333332,0,1.0,normal work
1264375,20.85,0,1.0,normal work
1265375,20.866666666666667,0,1.0,normal work
1266375,20.883333333333333,0,1.0,normal work
1267375,20.9,0,1.0,normal work
1268375,20.916666666666668,0,1.0,normal work
1269375,20.933333333333334,0,1.0,normal work
1270375,20.95,0,1.0,normal work
1271375,20.966666666666665,0,1.0,normal work
1272375,20.983333333333334,0,1.0,normal work
1273375,21.0,0,1.0,normal work
1274375,21.016666666666666,0,1.0,normal work
1275375,21.033333333333335,0,1.0,normal work
1276375,21.05,0,1.0,normal work
1277375,21.066666666666666,0,1.0,normal work
1278375,21.083333333333332,0,1.0,normal work
1279375,21.1,0,1.0,normal work
1280375,21.116666666666667,0,1.0,normal work
1281375,21.133333333333333,0,1.0,normal work
1282375,21.15,0,1.0,normal work
1283375,21.166666666666668,0,1.0,normal work
1284375,21.183333333333334,0,1.0,normal work
1285375,21.2,0,1.0,normal work
1286375,21.216666666666665,0,1.0,normal work
1287375,21.233333333333334,0,1.0,normal work
1288375,21.25,0,1.0,normal work
1289375,21.266666666666666,0,1.0,normal work
1290375,21.283333333333335,0,1.0,normal work
1291375,21.3,0,1.0,normal work
1292375,21.316666666666666,0,1.0,normal work
1293375,21.333333333333332,0,1.0,normal work
1294375,21.35,0,1.0,normal work
1295375,21.366666666666667,0,1.0,normal work
1296375,21.383333333333333,0,1.0,normal work
1297375,21.4,0,1.0,normal work
1298375,21.416666666666668,0,1.0,normal work
1299375,21.433333333333334,0,1.0,normal work
1300375,21.45,0,1.0,normal work
1301375,21.466666666666665,0,1.0,normal work
1302375,21.483333333333334,0,1.0,normal work
1303375,21.5,0,1.0,normal work
1304375,21.516666666666666,0,1.0,normal work
1305375,21.533333333333335,0,1.0,normal work
1306375,21.55,0,1.0,normal work
1307375,21.566666666666666,0,1.0,normal work
1308375,21.583333333333332,0,1.0,normal work
1309375,21.6,0,1.0,normal work
1310375,21.616666666666667,0,1.0,normal work
1311375,21.633333333333333,0,1.0,normal work
1312375,21.65,0,1.0,normal work
1313375,21.666666666666668,0,1.0,normal work
1314375,21.683333333333334,0,1.0,normal work
1315375,21.7,0,1.0,normal work
1316375,21.716666666666665,0,1.0,normal work
1317375,21.733333333333334,0,1.0,normal work
1318375,21.75,0,1.0,normal work
1319375,21.766666666666666,1,1.0,normal work
1320375,21.783333333333335,1,1.0,normal work
1321375,21.8,1,1.0,normal work
1322375,21.816666666666666,1,1.0,normal work
1323375,21.833333333333332,1,1.0,normal work
1324375,21.85,1,1.0,normal work
1325375,21.866666666666667,0,1.0,normal work
1326375,21.883333333333333,0,1.0,normal work
1327375,21.9,0,1.0,normal work
1328375,21.916666666666668,0,1.0,normal work
1329375,21.933333333333334,0,1.0,normal work
1330375,21.95,1,1.0,normal work
1331375,21.966666666666665,1,1.0,normal work
1332375,21.983333333333334,0,1.0,normal work
1333375,22.0,0,1.0,normal work
1334375,22.016666666666666,0,1.0,normal work
1335375,22.033333333333335,0,1.0,normal work
1336375,22.05,0,1.0,normal work
1337375,22.066666666666666,0,1.0,normal work
1338375,22.083333333333332,0,1.0,normal work
1339375,22.1,0,1.0,normal work
1340375,22.116666666666667,0,1.0,normal work
1341375,22.133333333333333,0,1.0,normal work
1342375,22.15,1,1.0,normal work
1343375,22.166666666666668,0,1.0,normal work
1344375,22.183333333333334,0,1.0,normal work
1345375,22.2,0,1.0,normal work
1346375,22.216666666666665,0,1.0,normal work
1347375,22.233333333333334,0,1.0,normal work
1348375,22.25,0,1.0,normal work
1349375,22.266666666666666,0,1.0,normal work
1350375,22.283333333333335,0,1.0,normal work
1351375,22.3,0,1.0,normal work
1352375,22.316666666666666,1,1.0,normal work
1353375,22.333333333333332,1,1.0,normal work
1354375,22.35,0,1.0,normal work
1355375,22.366666666666667,0,1.0,normal work
1356375,22.383333333333333,0,1.0,normal work
1357375,22.4,0,1.0,normal work
1358375,22.416666666666668,1,1.0,normal work
1359375,22.433333333333334,1,1.0,normal work
1360375,22.45,0,1.0,normal work
1361375,22.466666666666665,0,1.0,normal work
1362375,22.483333333333334,0,1.0,normal work
1363375,22.5,0,1.0,normal work
1364375,22.516666666666666,0,1.0,normal work
1365375,22.533333333333335,0,1.0,normal work
1366375,22.55,0,1.0,normal work
1367375,22.566666666666666,1,1.0,normal work
1368375,22.583333333333332,1,1.0,normal work
1369375,22.6,1,1.0,normal work
1370375,22.616666666666667,1,1.0,normal work
1371375,22.633333333333333,1,1.0,normal work
1372375,22.65,1,1.0,normal work
1373375,22.666666666666668,1,1.0,normal work
1374375,22.683333333333334,0,1.0,normal work
1375375,22.7,0,1.0,normal work
1376375,22.716666666666665,0,1.0,normal work
1377375,22.733333333333334,0,1.0,normal work
1378375,22.75,0,1.0,normal work
1379375,22.766666666666666,0,1.0,normal work
1380375,22.783333333333335,1,1.0,normal work
1381375,22.8,1,1.0,normal work
1382375,22.816666666666666,0,1.0,normal work
1383375,22.833333333333332,0,1.0,normal work
1384375,22.85,0,1.0,normal work
1385375,22.866666666666667,1,1.0,normal work
1386375,22.883333333333333,1,1.0,normal work
1387375,22.9,0,1.0,normal work
1388375,22.916666666666668,0,1.0,normal work
1389375,22.933333333333334,0,1.0,normal work
1390375,22.95,0,1.0,normal work
1391375,22.966666666666665,1,1.0,normal work
1392375,22.983333333333334,0,1.0,normal work
1393375,23.0,0,1.0,normal work
1394375,23.016666666666666,0,1.0,normal work
1395375,23.033333333333335,0,1.0,normal work
1396375,23.05,1,1.0,normal work
1397375,23.066666666666666,0,1.0,normal work
1398375,23.083333333333332,0,1.0,normal work
1399375,23.1,0,1.0,normal work
1400375,23.116666666666667,0,1.0,normal work
1401375,23.133333333333333,1,1.0,normal work
1402375,23.15,1,1.0,normal work
1403375,23.166666666666668,1,1.0,normal work
1404375,23.183333333333334,0,1.0,normal work
1405375,23.2,0,1.0,normal work
1406375,23.216666666666665,0,1.0,normal work
1407375,23.233333333333334,0,1.0,normal work
1408375,23.25,1,1.0,normal work
1409375,23.266666666666666,1,1.0,normal work
1410375,23.283333333333335,1,1.0,normal work
1411375,23.3,1,1.0,normal work
1412375,23.316666666666666,1,1.0,normal work
1413375,23.333333333333332,1,1.0,normal work
1414375,23.35,0,1.0,normal work
1415375,23.366666666666667,0,1.0,normal work
1416375,23.383333333333333,0,1.0,normal work
1417375,23.4,0,1.0,normal work
1418375,23.416666666666668,0,1.0,normal work
1419375,23.433333333333334,0,1.0,normal work
1420375,23.45,1,1.0,normal work
1421375,23.466666666666665,1,1.0,normal work
1422375,23.483333333333334,0,1.0,normal work
1423375,23.5,0,1.0,normal work
1424375,23.516666666666666,0,1.0,normal work
1425375,23.533333333333335,0,1.0,normal work
1426375,23.55,0,1.0,normal work
1427375,23.566666666666666,0,1.0,normal work
1428375,23.583333333333332,0,1.0,normal work
1429375,23.6,1,1.0,normal work
1430375,23.616666666666667,1,1.0,normal work
1431375,23.633333333333333,0,1.0,normal work
1432375,23.65,0,1.0,normal work
1433375,23.666666666666668,0,1.0,normal work
1434375,23.683333333333334,0,1.0,normal work
1435375,23.7,0,1.0,normal work
1436375,23.716666666666665,1,1.0,normal work
1437375,23.733333333333334,1,1.0,normal work
1438375,23.75,0,1.0,normal work
1439375,23.766666666666666,0,1.0,normal work
1440375,23.783333333333335,0,1.0,normal work
1441375,23.8,0,1.0,normal work
1442375,23.816666666666666,1,1.0,normal work
1443375,23.833333333333332,1,1.0,normal work
1444375,23.85,1,1.0,normal work
1445375,23.866666666666667,1,1.0,normal work
1446375,23.883333333333333,1,1.0,normal work
1447375,23.9,1,1.0,normal work
1448375,23.916666666666668,0,1.0,normal work
1449375,23.933333333333334,0,1.0,normal work
1450375,23.95,0,1.0,normal work
1451375,23.966666666666665,0,1.0,normal work
1452375,23.983333333333334,1,1.0,normal work
1453375,24.0,1,1.0,still: final
1454375,24.016666666666666,0,1.0,still: final
1455375,24.033333333333335,0,1.0,still: final
1456375,24.05,0,1.0,still: final
1457375,24.066666666666666,0,1.0,still: final
1458375,24.083333333333332,1,1.0,still: final
1459375,24.1,1,1.0,still: final
1460375,24.116666666666667,1,1.0,still: final
1461375,24.133333333333333,1,1.0,still: final
1462375,24.15,0,1.0,still: final
1463375,24.166666666666668,0,1.0,still: final
1464375,24.183333333333334,0,1.0,still: final
1465375,24.2,0,1.0,still: final
1466375,24.216666666666665,1,1.0,still: final
1467375,24.233333333333334,1,1.0,still: final
1468375,24.25,1,1.0,still: final
1469375,24.266666666666666,1,1.0,still: final
1470375,24.283333333333335,0,1.0,still: final
1471375,24.3,0,1.0,still: final
1472375,24.316666666666666,0,1.0,still: final
1473375,24.333333333333332,0,1.0,still: final
1474375,24.35,1,1.0,still: final
1475375,24.366666666666667,1,1.0,still: final
1476375,24.383333333333333,1,1.0,still: final
1477375,24.4,0,1.0,still: final
1478375,24.416666666666668,0,1.0,still: final
1479375,24.433333333333334,0,1.0,still: final
1480375,24.45,0,1.0,still: final
1481375,24.466666666666665,1,1.0,still: final
1482375,24.483333333333334,1,1.0,still: final
1483375,24.5,1,1.0,still: final
1484375,24.516666666666666,1,1.0,still: final
1485375,24.533333333333335,1,1.0,still: final
1486375,24.55,1,1.0,still: final
1487375,24.566666666666666,1,1.0,still: final
1488375,24.583333333333332,1,1.0,still: final
1489375,24.6,1,1.0,still: final
1490375,24.616666666666667,1,1.0,still: final
1491375,24.633333333333333,1,1.0,still: final
1492375,24.65,1,1.0,still: final
1493375,24.666666666666668,1,1.0,still: final
1494375,24.683333333333334,1,1.0,still: final
1495375,24.7,1,1.0,still: final
1496375,24.716666666666665,1,1.0,still: final
1497375,24.733333333333334,1,1.0,still: final
1498375,24.75,1,1.0,still: final
1499375,24.766666666666666,1,1.0,still: final
1500375,24.783333333333335,1,1.0,still: final
1501375,24.8,1,1.0,still: final
1502375,24.816666666666666,1,1.0,still: final
1503375,24.833333333333332,1,1.0,still: final
1504375,24.85,1,1.0,still: final
1505375,24.866666666666667,1,1.0,still: final
1506375,24.883333333333333,1,1.0,still: final
1507375,24.9,1,1.0,still: final
1508375,24.916666666666668,1,1.0,still: final
1509375,24.933333333333334,1,1.0,still: final
1510375,24.95,1,1.0,still: final
1511375,24.966666666666665,1,1.0,still: final
1512375,24.983333333333334,1,1.0,still: final
1513375,25.0,1,1.0,still: final
1514375,25.016666666666666,1,1.0,still: final
1515375,25.033333333333335,1,1.0,still: final
1516375,25.05,1,1.0,still: final
1517375,25.066666666666666,1,1.0,still: final
1518375,25.083333333333332,1,1.0,still: final
1519375,25.1,1,1.0,still: final
1520375,25.116666666666667,1,1.0,still: final
1521375,25.133333333333333,1,1.0,still: final
1522375,25.15,1,1.0,still: final
1523375,25.166666666666668,1,1.0,still: final
1524375,25.183333333333334,1,1.0,still: final
1525375,25.2,1,1.0,still: final
1526375,25.216666666666665,1,1.0,still: final
1527375,25.233333333333334,1,1.0,still: final
1528375,25.25,1,1.0,still: final
1529375,25.266666666666666,1,1.0,still: final
1530375,25.283333333333335,1,1.0,still: final
1531375,25.3,1,1.0,still: final
1532375,25.316666666666666,1,1.0,still: final
1533375,25.333333333333332,1,1.0,still: final
1534375,25.35,1,1.0,still: final
1535375,25.366666666666667,1,1.0,still: final
1536375,25.383333333333333,1,1.0,still: final
1537375,25.4,1,1.0,still: final
1538375,25.416666666666668,1,1.0,still: final
1539375,25.433333333333334,1,1.0,still: final
1540375,25.45,1,1.0,still: final
1541375,25.466666666666665,1,1.0,still: final
1542375,25.483333333333334,1,1.0,still: final
1543375,25.5,1,1.0,still: final
1544375,25.516666666666666,1,1.0,still: final
1545375,25.533333333333335,1,1.0,still: final
1546375,25.55,1,1.0,still: final
1547375,25.566666666666666,1,1.0,still: final
1548375,25.583333333333332,1,1.0,still: final
1549375,25.6,1,1.0,still: final
1550375,25.616666666666667,1,1.0,still: final
1551375,25.633333333333333,1,1.0,still: final
1552375,25.65,1,1.0,still: final
1553375,25.666666666666668,1,1.0,still: final
1554375,25.683333333333334,1,1.0,still: final
1555375,25.7,0,1.0,still: final
1556375,25.716666666666665,0,1.0,still: final
1557375,25.733333333333334,0,1.0,still: final
1558375,25.75,0,1.0,still: final
1559375,25.766666666666666,1,1.0,still: final
1560375,25.783333333333335,1,1.0,still: final
1561375,25.8,1,1.0,still: final
1562375,25.816666666666666,1,1.0,still: final
1563375,25.833333333333332,1,1.0,still: final
1564375,25.85,1,1.0,still: final
1565375,25.866666666666667,1,1.0,still: final
1566375,25.883333333333333,1,1.0,still: final
1567375,25.9,1,1.0,still: final
1568375,25.916666666666668,1,1.0,still: final
1569375,25.933333333333334,1,1.0,still: final
1570375,25.95,1,1.0,still: final
1571375,25.966666666666665,1,1.0,still: final
1572375,25.983333333333334,1,1.0,still: final
1573375,26.0,1,1.0,still: final
1574375,26.016666666666666,1,1.0,still: final
1575375,26.033333333333335,1,1.0,still: final
1576375,26.05,1,1.0,still: final
1577375,26.066666666666666,1,1.0,still: final
1578375,26.083333333333332,1,1.0,still: final
1579375,26.1,1,1.0,still: final
1580375,26.116666666666667,1,1.0,still: final
1581375,26.133333333333333,1,1.0,still: final
1582375,26.15,1,1.0,still: final
1583375,26.166666666666668,1,1.0,still: final
1584375,26.183333333333334,1,1.0,still: final
1585375,26.2,1,1.0,still: final
1586375,26.216666666666665,0,1.0,still: final
1587375,26.233333333333334,0,1.0,still: final
1588375,26.25,0,1.0,still: final
1589375,26.266666666666666,0,1.0,still: final
1590375,26.283333333333335,0,1.0,still: final
1591375,26.3,1,1.0,still: final
1592375,26.316666666666666,1,1.0,still: final
1593375,26.333333333333332,1,1.0,still: final
1594375,26.35,0,1.0,still: final
1595375,26.366666666666667,0,1.0,still: final
1596375,26.383333333333333,0,1.0,still: final
1597375,26.4,0,1.0,still: final
1598375,26.416666666666668,0,1.0,still: final
1599375,26.433333333333334,1,1.0,still: final
1600375,26.45,1,1.0,still: final
1601375,26.466666666666665,1,1.0,still: final
1602375,26.483333333333334,1,1.0,still: final
1603375,26.5,0,1.0,still: final
1604375,26.516666666666666,0,1.0,still: final
1605375,26.533333333333335,0,1.0,still: final
1606375,26.55,0,1.0,still: final
1607375,26.566666666666666,0,1.0,still: final
1608375,26.583333333333332,1,1.0,still: final
1609375,26.6,1,1.0,still: final
1610375,26.616666666666667,1,1.0,still: final
1611375,26.633333333333333,1,1.0,still: final
1612375,26.65,0,1.0,still: final
1613375,26.666666666666668,0,1.0,still: final
1614375,26.683333333333334,0,1.0,still: final
1615375,26.7,0,1.0,still: final
1616375,26.716666666666665,1,1.0,still: final
1617375,26.733333333333334,1,1.0,still: final
1618375,26.75,1,1.0,still: final
1619375,26.766666666666666,1,1.0,still: final
1620375,26.783333333333335,1,1.0,still: final
1621375,26.8,1,1.0,still: final
1622375,26.816666666666666,1,1.0,still: final
1623375,26.833333333333332,1,1.0,still: final
1624375,26.85,1,1.0,still: final
1625375,26.866666666666667,0,1.0,still: final
1626375,26.883333333333333,0,1.0,still: final
1627375,26.9,0,1.0,still: final
1628375,26.916666666666668,0,1.0,still: final
1629375,26.933333333333334,0,1.0,still: final
1630375,26.95,0,1.0,still: final
1631375,26.966666666666665,0,1.0,still: final
1632375,26.983333333333334,0,1.0,still: final
1633375,27.0,0,1.0,still: final
1634375,27.016666666666666,0,1.0,still: final
1635375,27.033333333333335,0,1.0,still: final
1636375,27.05,0,1.0,still: final
1637375,27.066666666666666,0,1.0,still: final
1638375,27.083333333333332,0,1.0,still: final
1639375,27.1,0,1.0,still: final
1640375,27.116666666666667,0,1.0,still: final
1641375,27.133333333333333,0,1.0,still: final
1642375,27.15,0,1.0,still: final
1643375,27.166666666666668,0,1.0,still: final
1644375,27.183333333333334,0,1.0,still: final
1645375,27.2,0,1.0,still: final
1646375,27.216666666666665,0,1.0,still: final
1647375,27.233333333333334,0,1.0,still: final
1648375,27.25,0,1.0,still: final
1649375,27.266666666666666,0,1.0,still: final
1650375,27.283333333333335,0,1.0,still: final
1651375,27.3,0,1.0,still: final
1652375,27.316666666666666,0,1.0,still: final
1653375,27.333333333333332,0,1.0,still: final
1654375,27.35,0,1.0,still: final
1655375,27.366666666666667,0,1.0,still: final
1656375,27.383333333333333,0,1.0,still: final
1657375,27.4,0,1.0,still: final
1658375,27.416666666666668,0,1.0,still: final
1659375,27.433333333333334,0,1.0,still: final
1660375,27.45,0,1.0,still: final
1661375,27.466666666666665,0,1.0,still: final
1662375,27.483333333333334,0,1.0,still: final
1663375,27.5,0,1.0,still: final
1664375,27.516666666666666,0,1.0,still: final
1665375,27.533333333333335,0,1.0,still: final
1666375,27.55,0,1.0,still: final
1667375,27.566666666666666,0,1.0,still: final
1668375,27.583333333333332,0,1.0,still: final
1669375,27.6,0,1.0,still: final
1670375,27.616666666666667,0,1.0,still: final
1671375,27.633333333333333,0,1.0,still: final
1672375,27.65,0,1.0,still: final
1673375,27.666666666666668,0,1.0,still: final
1674375,27.683333333333334,0,1.0,still: final
1675375,27.7,0,1.0,still: final
1676375,27.716666666666665,0,1.0,still: final
1677375,27.733333333333334,0,1.0,still: final
1678375,27.75,0,1.0,still: final
1679375,27.766666666666666,0,1.0,still: final
1680375,27.783333333333335,0,1.0,still: final
1681375,27.8,0,1.0,still: final
1682375,27.816666666666666,0,1.0,still: final
1683375,27.833333333333332,0,1.0,still: final
1684375,27.85,0,1.0,still: final
1685375,27.866666666666667,0,1.0,still: final
1686375,27.883333333333333,1,1.0,still: final
1687375,27.9,1,1.0,still: final
1688375,27.916666666666668,0,1.0,still: final
1689375,27.933333333333334,0,1.0,still: final
1690375,27.95,0,1.0,still: final
1691375,27.966666666666665,0,1.0,still: final
1692375,27.983333333333334,0,1.0,still: final
1693375,28.0,0,1.0,still: final
1694375,28.016666666666666,0,1.0,still: final
1695375,28.033333333333335,0,1.0,still: final
1696375,28.05,0,1.0,still: final
1697375,28.066666666666666,0,1.0,still: final
1698375,28.083333333333332,0,1.0,still: final
1699375,28.1,0,1.0,still: final
1700375,28.116666666666667,0,1.0,still: final
1701375,28.133333333333333,0,1.0,still: final
1702375,28.15,0,1.0,still: final
1703375,28.166666666666668,0,1.0,still: final
1704375,28.183333333333334,0,1.0,still: final
1705375,28.2,0,1.0,still: final
1706375,28.216666666666665,0,1.0,still: final
1707375,28.233333333333334,0,1.0,still: final
1708375,28.25,0,1.0,still: final
1709375,28.266666666666666,0,1.0,still: final
1710375,28.283333333333335,0,1.0,still: final
1711375,28.3,0,1.0,still: final
1712375,28.316666666666666,0,1.0,still: final
1713375,28.333333333333332,0,1.0,still: final
1714375,28.35,0,1.0,still: final
1715375,28.366666666666667,0,1.0,still: final
1716375,28.383333333333333,0,1.0,still: final
1717375,28.4,0,1.0,still: final
1718375,28.416666666666668,0,1.0,still: final
1719375,28.433333333333334,0,1.0,still: final
1720375,28.45,0,1.0,still: final
1721375,28.466666666666665,0,1.0,still: final
1722375,28.483333333333334,0,1.0,still: final
1723375,28.5,0,1.0,still: final
1724375,28.516666666666666,0,1.0,still: final
1725375,28.533333333333335,0,1.0,still: final
1726375,28.55,0,1.0,still: final
1727375,28.566666666666666,0,1.0,still: final
1728375,28.583333333333332,0,1.0,still: final
1729375,28.6,0,1.0,still: final
1730375,28.616666666666667,0,1.0,still: final
1731375,28.633333333333333,0,1.0,still: final
1732375,28.65,0,1.0,still: final
1733375,28.666666666666668,0,1.0,still: final
1734375,28.683333333333334,0,1.0,still: final
1735375,28.7,0,1.0,still: final
1736375,28.716666666666665,0,1.0,still: final
1737375,28.733333333333334,0,1.0,still: final
1738375,28.75,0,1.0,still: final
1739375,28.766666666666666,0,1.0,still: final
1740375,28.783333333333335,0,1.0,still: final
1741375,28.8,0,1.0,still: final
1742375,28.816666666666666,0,1.0,still: final
1743375,28.833333333333332,0,1.0,still: final
1744375,28.85,0,1.0,still: final
1745375,28.866666666666667,0,1.0,still: final
1746375,28.883333333333333,0,1.0,still: final
1747375,28.9,0,1.0,still: final
1748375,28.916666666666668,0,1.0,still: final
1749375,28.933333333333334,0,1.0,still: final
1750375,28.95,0,1.0,still: final
1751375,28.966666666666665,0,1.0,still: final
1752375,28.983333333333334,0,1.0,still: final
1753375,29.0,0,1.0,still: final
1754375,29.016666666666666,0,1.0,still: final
1755375,29.033333333333335,0,1.0,still: final
1756375,29.05,0,1.0,still: final
1757375,29.066666666666666,0,1.0,still: final
1758375,29.083333333333332,0,1.0,still: final
1759375,29.1,0,1.0,still: final
1760375,29.116666666666667,0,1.0,still: final
1761375,29.133333333333333,0,1.0,still: final
1762375,29.15,0,1.0,still: final
1763375,29.166666666666668,0,1.0,still: final
1764375,29.183333333333334,0,1.0,still: final
1765375,29.2,0,1.0,still: final
1766375,29.216666666666665,0,1.0,still: final
1767375,29.233333333333334,0,1.0,still: final
1768375,29.25,0,1.0,still: final
1769375,29.266666666666666,0,1.0,still: final
1770375,29.283333333333335,0,1.0,still: final
1771375,29.3,0,1.0,still: final
1772375,29.316666666666666,0,1.0,still: final
1773375,29.333333333333332,0,1.0,still: final
1774375,29.35,0,1.0,still: final
1775375,29.366666666666667,0,1.0,still: final
1776375,29.383333333333333,0,1.0,still: final
1777375,29.4,0,1.0,still: final
1778375,29.416666666666668,0,1.0,still: final
1779375,29.433333333333334,0,1.0,still: final
1780375,29.45,0,1.0,still: final
1781375,29.466666666666665,0,1.0,still: final
1782375,29.483333333333334,0,1.0,still: final
1783375,29.5,0,1.0,still: final
1784375,29.516666666666666,0,1.0,still: final
1785375,29.533333333333335,0,1.0,still: final
1786375,29.55,0,1.0,still: final
1787375,29.566666666666666,0,1.0,still: final
1788375,29.583333333333332,0,1.0,still: final
1789375,29.6,0,1.0,still: final
1790375,29.616666666666667,0,1.0,still: final
1791375,29.633333333333333,0,1.0,still: final
1792375,29.65,0,1.0,still: final
1793375,29.666666666666668,0,1.0,still: final
1794375,29.683333333333334,0,1.0,still: final
1795375,29.7,0,1.0,still: final
1796375,29.716666666666665,0,1.0,still: final
1797375,29.733333333333334,0,1.0,still: final
1798375,29.75,0,1.0,still: final
1799375,29.766666666666666,0,1.0,still: final
1800375,29.783333333333335,0,1.0,still: final
1801375,29.8,0,1.0,still: final
1802375,29.816666666666666,0,1.0,still: final
1803375,29.833333333333332,0,1.0,still: final
1804375,29.85,0,1.0,still: final
1805375,29.866666666666667,0,1.0,still: final
1806375,29.883333333333333,0,1.0,still: final
1807375,29.9,0,1.0,still: final
1808375,29.916666666666668,0,1.0,still: final
1809375,29.933333333333334,0,1.0,still: final
1810375,29.95,0,1.0,still: final
1811375,29.966666666666665,0,1.0,still: final
1812375,29.983333333333334,0,1.0,still: final
1813375,30.0,0,1.0,still: final
1814375,30.016666666666666,0,1.0,still: final
1815375,30.033333333333335,0,1.0,still: final
1816375,30.05,0,1.0,still: final
1817375,30.066666666666666,0,1.0,still: final
1818375,30.083333333333332,0,1.0,still: final
1819375,30.1,0,1.0,still: final
1820375,30.116666666666667,0,1.0,still: final
1821375,30.133333333333333,0,1.0,still: final
1822375,30.15,0,1.0,still: final
1823375,30.166666666666668,0,1.0,still: final
1824375,30.183333333333334,0,1.0,still: final
1825375,30.2,0,1.0,still: final
1826375,30.216666666666665,0,1.0,still: final
1827375,30.233333333333334,0,1.0,still: final
1828375,30.25,0,1.0,still: final
1829375,30.266666666666666,0,1.0,still: final
1830375,30.283333333333335,0,1.0,still: final
1831375,30.3,0,1.0,still: final
1832375,30.316666666666666,0,1.0,still: final
1833375,30.333333333333332,0,1.0,still: final
1834375,30.35,0,1.0,still: final
1835375,30.366666666666667,0,1.0,still: final
1836375,30.383333333333333,0,1.0,still: final
1837375,30.4,0,1.0,still: final
1838375,30.416666666666668,0,1.0,still: final
1839375,30.433333333333334,0,1.0,still: final
1840375,30.45,0,1.0,still: final
1841375,30.466666666666665,0,1.0,still: final
1842375,30.483333333333334,0,1.0,still: final
1843375,30.5,0,1.0,still: final
1844375,30.516666666666666,0,1.0,still: final
1845375,30.533333333333335,0,1.0,still: final
1846375,30.55,0,1.0,still: final
1847375,30.566666666666666,0,1.0,still: final
1848375,30.583333333333332,0,1.0,still: final
1849375,30.6,0,1.0,still: final
1850375,30.616666666666667,0,1.0,still: final
1851375,30.633333333333333,0,1.0,still: final
1852375,30.65,0,1.0,still: final
1853375,30.666666666666668,0,1.0,still: final
1854375,30.683333333333334,0,1.0,still: final
1855375,30.7,0,1.0,still: final
1856375,30.716666666666665,0,1.0,still: final
1857375,30.733333333333334,0,1.0,still: final
1858375,30.75,0,1.0,still: final
1859375,30.766666666666666,0,1.0,still: final
1860375,30.783333333333335,0,1.0,still: final
1861375,30.8,0,1.0,still: final
1862375,30.816666666666666,0,1.0,still: final
1863375,30.833333333333332,0,1.0,still: final
1864375,30.85,0,1.0,still: final
1865375,30.866666666666667,0,1.0,still: final
1866375,30.883333333333333,0,1.0,still: final
1867375,30.9,0,1.0,still: final
1868375,30.916666666666668,0,1.0,still: final
1869375,30.933333333333334,0,1.0,still: final
1870375,30.95,0,1.0,still: final
1871375,30.966666666666665,0,1.0,still: final
1872375,30.983333333333334,0,1.0,still: final
1873375,31.0,0,1.0,still: final
1874375,31.016666666666666,0,1.0,still: final
1875375,31.033333333333335,0,1.0,still: final
1876375,31.05,0,1.0,still: final
1877375,31.066666666666666,0,1.0,still: final
1878375,31.083333333333332,0,1.0,still: final
1879375,31.1,0,1.0,still: final
1880375,31.116666666666667,0,1.0,still: final
1881375,31.133333333333333,0,1.0,still: final
1882375,31.15,0,1.0,still: final
1883375,31.166666666666668,0,1.0,still: final
1884375,31.183333333333334,0,1.0,still: final
1885375,31.2,0,1.0,still: final
1886375,31.216666666666665,0,1.0,still: final
1887375,31.233333333333334,0,1.0,still: final
1888375,31.25,0,1.0,still: final
1889375,31.266666666666666,0,1.0,still: final
1890375,31.283333333333335,0,1.0,still: final
1891375,31.3,0,1.0,still: final
1892375,31.316666666666666,0,1.0,still: final
1893375,31.333333333333332,0,1.0,still: final
1894375,31.35,0,1.0,still: final
1895375,31.366666666666667,0,1.0,still: final
1896375,31.383333333333333,0,1.0,still: final
1897375,31.4,0,1.0,still: final
1898375,31.416666666666668,0,1.0,still: final
1899375,31.433333333333334,0,1.0,still: final
1900375,31.45,1,1.0,still: final
1901375,31.466666666666665,1,1.0,still: final
1902375,31.483333333333334,0,1.0,still: final
1903375,31.5,0,1.0,still: final
1904375,31.516666666666666,0,1.0,still: final
1905375,31.533333333333335,0,1.0,still: final
1906375,31.55,0,1.0,still: final
1907375,31.566666666666666,1,1.0,still: final
1908375,31.583333333333332,1,1.0,still: final
