pc_datetime,arduino_ms,humidity,temperature
2026-07-29 17:39:55.346,13375,51.7,26.3
2026-07-29 17:39:57.340,15375,51.5,26.2
2026-07-29 17:39:59.345,17375,51.0,26.2
2026-07-29 17:40:01.352,19375,50.6,26.2
2026-07-29 17:40:03.355,21375,50.3,26.2
2026-07-29 17:40:05.347,23375,50.1,26.2
2026-07-29 17:40:07.346,25375,50.0,26.2
2026-07-29 17:40:09.356,27375,49.8,26.2
2026-07-29 17:40:11.354,29375,49.7,26.3
2026-07-29 17:40:13.362,31375,50.5,26.2
2026-07-29 17:40:15.365,33375,50.9,26.3
2026-07-29 17:40:17.355,35375,51.3,26.3
2026-07-29 17:40:19.371,37375,51.5,26.3
2026-07-29 17:40:21.361,39375,52.9,26.3
2026-07-29 17:40:23.374,41375,52.2,26.3
2026-07-29 17:40:25.372,43375,51.6,26.3
2026-07-29 17:40:27.378,45375,50.9,26.3
2026-07-29 17:40:29.373,47375,50.3,26.3
2026-07-29 17:40:31.371,49375,49.9,26.3
2026-07-29 17:40:33.379,51375,49.8,26.3
2026-07-29 17:40:35.376,53375,49.5,26.3
2026-07-29 17:40:37.389,55375,49.4,26.3
2026-07-29 17:40:39.383,57375,49.3,26.3
2026-07-29 17:40:41.393,59375,49.1,26.3
2026-07-29 17:40:43.391,61375,49.1,26.3
2026-07-29 17:40:45.399,63375,49.1,26.3
2026-07-29 17:40:47.399,65375,49.2,26.3
2026-07-29 17:40:49.402,67375,49.8,26.3
2026-07-29 17:40:51.392,69375,50.7,26.3
2026-07-29 17:40:53.407,71375,51.0,26.3
2026-07-29 17:40:55.406,73375,51.6,26.3
2026-07-29 17:40:57.402,75375,51.5,26.3
2026-07-29 17:40:59.401,77375,51.4,26.3
2026-07-29 17:41:01.412,79375,50.7,26.3
2026-07-29 17:41:03.417,81375,50.7,26.3
2026-07-29 17:41:05.406,83375,50.1,26.3
2026-07-29 17:41:07.421,85375,49.7,26.3
2026-07-29 17:41:09.424,87375,49.4,26.3
2026-07-29 17:41:11.425,89375,49.3,26.3
2026-07-29 17:41:13.417,91375,49.4,26.3
2026-07-29 17:41:15.419,93375,49.4,26.3
2026-07-29 17:41:17.432,95375,49.8,26.3
2026-07-29 17:41:19.422,97375,50.4,26.3
2026-07-29 17:41:21.428,99375,50.9,26.3
2026-07-29 17:41:23.425,101375,51.3,26.3
2026-07-29 17:41:25.436,103375,51.4,26.3
2026-07-29 17:41:27.441,105375,51.3,26.3
2026-07-29 17:41:29.435,107375,51.1,26.3
2026-07-29 17:41:31.434,109375,51.0,26.3
2026-07-29 17:41:33.448,111375,50.9,26.3
2026-07-29 17:41:35.437,113375,50.6,26.3
2026-07-29 17:41:37.440,115375,50.3,26.3
2026-07-29 17:41:39.443,117375,49.9,26.3
2026-07-29 17:41:41.452,119375,49.7,26.3
2026-07-29 17:41:43.447,121375,49.5,26.3
2026-07-29 17:41:45.457,123375,49.3,26.3
2026-07-29 17:41:47.463,125375,49.2,26.3
2026-07-29 17:41:49.463,127375,49.1,26.3
2026-07-29 17:41:51.467,129375,49.1,26.3
2026-07-29 17:41:53.463,131375,49.5,26.3
2026-07-29 17:41:55.466,133375,49.9,26.3
2026-07-29 17:41:57.463,135375,50.5,26.3
2026-07-29 17:41:59.463,137375,50.3,26.3
2026-07-29 17:42:01.477,139375,49.9,26.3
2026-07-29 17:42:03.475,141375,50.0,26.3
2026-07-29 17:42:05.474,143375,50.0,26.3
2026-07-29 17:42:07.484,145375,50.0,26.3
2026-07-29 17:42:09.482,147375,49.7,26.3
2026-07-29 17:42:11.475,149375,49.5,26.3
2026-07-29 17:42:13.490,151375,49.8,26.3
2026-07-29 17:42:15.489,153375,49.5,26.3
2026-07-29 17:42:17.494,155375,49.2,26.3
2026-07-29 17:42:19.497,157375,49.1,26.3
2026-07-29 17:42:21.499,159375,49.0,26.3
2026-07-29 17:42:23.499,161375,49.0,26.3
2026-07-29 17:42:25.493,163375,48.9,26.3
2026-07-29 17:42:27.495,165375,49.2,26.3
2026-07-29 17:42:29.499,167375,49.4,26.3
2026-07-29 17:42:31.500,169375,49.6,26.3
2026-07-29 17:42:33.509,171375,50.1,26.3
2026-07-29 17:42:35.511,173375,50.0,26.3
2026-07-29 17:42:37.515,175375,50.6,26.3
2026-07-29 17:42:39.512,177375,50.7,26.3
2026-07-29 17:42:41.518,179375,50.3,26.3
2026-07-29 17:42:43.515,181375,49.9,26.3
2026-07-29 17:42:45.517,183375,49.5,26.3
2026-07-29 17:42:47.519,185375,49.3,26.3
2026-07-29 17:42:49.520,187375,49.2,26.3
2026-07-29 17:42:51.518,189375,49.2,26.3
2026-07-29 17:42:53.525,191375,49.2,26.3
2026-07-29 17:42:55.532,193375,49.1,26.3
2026-07-29 17:42:57.529,195375,49.3,26.3
2026-07-29 17:42:59.538,197375,50.4,26.3
2026-07-29 17:43:01.527,199375,50.5,26.3
2026-07-29 17:43:03.530,201375,50.5,26.3
2026-07-29 17:43:05.534,203375,50.5,26.3
2026-07-29 17:43:07.532,205375,50.3,26.3
2026-07-29 17:43:09.537,207375,50.9,26.3
2026-07-29 17:43:11.544,209375,51.2,26.3
2026-07-29 17:43:13.550,211375,51.1,26.3
2026-07-29 17:43:15.545,213375,51.1,26.3
2026-07-29 17:43:17.557,215375,51.1,26.3
2026-07-29 17:43:19.557,217375,50.5,26.3
2026-07-29 17:43:21.556,219375,50.1,26.3
2026-07-29 17:43:23.558,221375,49.9,26.3
2026-07-29 17:43:25.561,223375,49.5,26.3
2026-07-29 17:43:27.604,225375,49.4,26.
2026-07-29 17:43:29.568,227375,49.3,26.3
2026-07-29 17:43:31.557,229375,49.1,26.3
2026-07-29 17:43:33.561,231375,49.1,26.3
2026-07-29 17:43:35.566,233375,49.1,26.3
2026-07-29 17:43:37.574,235375,49.4,26.3
2026-07-29 17:43:39.569,237375,49.7,26.3
2026-07-29 17:43:41.573,239375,49.7,26.3
2026-07-29 17:43:43.584,241375,50.0,26.3
2026-07-29 17:43:45.584,243375,50.0,26.3
2026-07-29 17:43:47.578,245375,49.9,26.3
2026-07-29 17:43:49.580,247375,49.9,26.3
2026-07-29 17:43:51.591,249375,49.6,26.3
2026-07-29 17:43:53.592,251375,49.3,26.3
2026-07-29 17:43:55.593,253375,49.3,26.3
2026-07-29 17:43:57.588,255375,49.3,26.3
2026-07-29 17:43:59.600,257375,49.4,26.3
2026-07-29 17:44:01.597,259375,49.3,26.3
2026-07-29 17:44:03.594,261375,49.2,26.3
2026-07-29 17:44:05.604,263375,49.2,26.3
2026-07-29 17:44:07.602,265375,49.2,26.3
2026-07-29 17:44:09.604,267375,49.7,26.3
2026-07-29 17:44:11.606,269375,49.7,26.3
2026-07-29 17:44:13.609,271375,49.7,26.3
2026-07-29 17:44:15.617,273375,49.6,26.3
2026-07-29 17:44:17.613,275375,49.7,26.3
2026-07-29 17:44:19.620,277375,49.8,26.3
2026-07-29 17:44:21.614,279375,50.2,26.3
2026-07-29 17:44:23.621,281375,50.2,26.3
2026-07-29 17:44:25.619,283375,49.9,26.3
2026-07-29 17:44:27.617,285375,49.5,26.3
2026-07-29 17:44:29.629,287375,49.3,26.3
2026-07-29 17:44:31.635,289375,49.2,26.3
2026-07-29 17:44:33.636,291375,49.0,26.3
2026-07-29 17:44:35.628,293375,49.1,26.3
2026-07-29 17:44:37.630,295375,49.2,26.3
2026-07-29 17:44:39.638,297375,49.3,26.3
2026-07-29 17:44:41.636,299375,49.7,26.3
2026-07-29 17:44:43.641,301375,49.5,26.3
2026-07-29 17:44:45.647,303375,49.4,26.3
2026-07-29 17:44:47.650,305375,49.4,26.3
2026-07-29 17:44:49.638,307375,49.9,26.3
2026-07-29 17:44:51.654,309375,50.2,26.3
2026-07-29 17:44:53.654,311375,50.3,26.3
2026-07-29 17:44:55.651,313375,49.9,26.3
2026-07-29 17:44:57.659,315375,49.5,26.3
2026-07-29 17:44:59.654,317375,49.2,26.3
2026-07-29 17:45:01.665,319375,49.1,26.3
2026-07-29 17:45:03.666,321375,49.0,26.3
2026-07-29 17:45:05.662,323375,49.0,26.3
2026-07-29 17:45:07.656,325375,49.0,26.3
2026-07-29 17:45:09.665,327375,49.0,26.3
2026-07-29 17:45:11.675,329375,49.1,26.3
2026-07-29 17:45:13.673,331375,49.1,26.3
2026-07-29 17:45:15.667,333375,49.7,26.3
2026-07-29 17:45:17.678,335375,50.7,26.3
2026-07-29 17:45:19.683,337375,51.3,26.3
2026-07-29 17:45:21.674,339375,51.9,26.3
2026-07-29 17:45:23.678,341375,51.5,26.3
2026-07-29 17:45:25.690,343375,50.6,26.3
2026-07-29 17:45:27.680,345375,50.3,26.3
2026-07-29 17:45:29.687,347375,49.9,26.3
2026-07-29 17:45:31.690,349375,49.5,26.3
2026-07-29 17:45:33.696,351375,49.3,26.3
2026-07-29 17:45:35.698,353375,49.3,26.3
2026-07-29 17:45:37.703,355375,49.3,26.3
2026-07-29 17:45:39.704,357375,49.2,26.3
2026-07-29 17:45:41.696,359375,49.0,26.3
2026-07-29 17:45:43.697,361375,49.1,26.3
2026-07-29 17:45:45.708,363375,49.5,26.3
2026-07-29 17:45:47.713,365375,50.5,26.3
2026-07-29 17:45:49.712,367375,50.3,26.3
2026-07-29 17:45:51.704,369375,50.7,26.3
2026-07-29 17:45:53.720,371375,50.7,26.3
2026-07-29 17:45:55.717,373375,50.9,26.3
2026-07-29 17:45:57.714,375375,51.5,26.3
2026-07-29 17:45:59.717,377375,50.7,26.3
2026-07-29 17:46:01.723,379375,50.2,26.3
2026-07-29 17:46:03.722,381375,49.9,26.3
2026-07-29 17:46:05.728,383375,49.6,26.3
2026-07-29 17:46:07.730,385375,49.3,26.4
2026-07-29 17:46:09.734,387375,49.2,26.3
2026-07-29 17:46:11.735,389375,49.1,26.3
2026-07-29 17:46:13.725,391375,49.1,26.3
2026-07-29 17:46:15.740,393375,49.0,26.3
2026-07-29 17:46:17.730,395375,49.0,26.3
2026-07-29 17:46:19.741,397375,48.9,26.3
2026-07-29 17:46:21.741,399375,49.0,26.3
2026-07-29 17:46:23.741,401375,49.0,26.3
2026-07-29 17:46:25.749,403375,49.1,26.3
2026-07-29 17:46:27.753,405375,49.2,26.3
2026-07-29 17:46:29.750,407375,49.2,26.4
2026-07-29 17:46:31.749,409375,49.1,26.3
2026-07-29 17:46:33.757,411375,49.0,26.3
2026-07-29 17:46:35.758,413375,49.0,26.3
2026-07-29 17:46:37.765,415375,48.9,26.3
2026-07-29 17:46:39.755,417375,48.8,26.4
2026-07-29 17:46:41.756,419375,48.9,26.3
2026-07-29 17:46:43.770,421375,48.9,26.3
2026-07-29 17:46:45.767,423375,48.9,26.3
2026-07-29 17:46:47.775,425375,49.2,26.3
2026-07-29 17:46:49.770,427375,49.3,26.3
2026-07-29 17:46:51.771,429375,49.3,26.3
2026-07-29 17:46:53.777,431375,49.1,26.4
2026-07-29 17:46:55.771,433375,49.0,26.3
2026-07-29 17:46:57.777,435375,49.1,26.3
2026-07-29 17:46:59.775,437375,50.0,26.4
2026-07-29 17:47:01.790,439375,50.0,26.4
2026-07-29 17:47:03.781,441375,50.1,26.4
2026-07-29 17:47:05.789,443375,50.3,26.3
2026-07-29 17:47:07.790,445375,50.0,26.4
2026-07-29 17:47:09.784,447375,49.6,26.4
2026-07-29 17:47:11.800,449375,49.2,26.3
2026-07-29 17:47:13.793,451375,49.0,26.3
2026-07-29 17:47:15.793,453375,48.9,26.4
2026-07-29 17:47:17.806,455375,48.9,26.4
2026-07-29 17:47:19.809,457375,49.0,26.3
2026-07-29 17:47:21.804,459375,49.2,26.3
2026-07-29 17:47:23.806,461375,50.5,26.4
2026-07-29 17:47:25.812,463375,51.5,26.4
2026-07-29 17:47:27.805,465375,51.6,26.4
2026-07-29 17:47:29.819,467375,51.5,26.4
2026-07-29 17:47:31.818,469375,51.2,26.4
2026-07-29 17:47:33.815,471375,51.1,26.4
2026-07-29 17:47:35.818,473375,51.6,26.4
2026-07-29 17:47:37.827,475375,51.5,26.4
2026-07-29 17:47:39.825,477375,51.6,26.4
2026-07-29 17:47:41.831,479375,51.4,26.4
2026-07-29 17:47:43.830,481375,51.0,26.4
2026-07-29 17:47:45.833,483375,50.2,26.4
2026-07-29 17:47:47.835,485375,49.8,26.4
2026-07-29 17:47:49.828,487375,49.5,26.4
2026-07-29 17:47:51.830,489375,49.6,26.4
2026-07-29 17:47:53.838,491375,49.7,26.4
2026-07-29 17:47:55.846,493375,50.0,26.4
2026-07-29 17:47:57.838,495375,50.6,26.4
2026-07-29 17:47:59.845,497375,50.1,26.4
2026-07-29 17:48:01.847,499375,49.5,26.4
2026-07-29 17:48:03.848,501375,49.2,26.4
2026-07-29 17:48:05.853,503375,49.0,26.4
2026-07-29 17:48:07.850,505375,48.9,26.5
2026-07-29 17:48:09.848,507375,48.8,26.5
2026-07-29 17:48:11.855,509375,48.7,26.4
2026-07-29 17:48:13.863,511375,48.7,26.4
2026-07-29 17:48:15.856,513375,48.6,26.4
2026-07-29 17:48:17.854,515375,48.6,26.4
2026-07-29 17:48:19.860,517375,48.6,26.4
2026-07-29 17:48:21.864,519375,48.6,26.4
2026-07-29 17:48:23.869,521375,48.8,26.4
2026-07-29 17:48:25.869,523375,48.8,26.5
2026-07-29 17:48:27.877,525375,48.7,26.4
2026-07-29 17:48:29.881,527375,48.7,26.4
2026-07-29 17:48:31.884,529375,48.8,26.4
2026-07-29 17:48:33.876,531375,48.8,26.4
2026-07-29 17:48:35.886,533375,48.9,26.4
2026-07-29 17:48:37.887,535375,48.9,26.4
2026-07-29 17:48:39.888,537375,49.1,26.4
2026-07-29 17:48:41.888,539375,50.3,26.4
2026-07-29 17:48:43.892,541375,50.3,26.4
2026-07-29 17:48:45.898,543375,50.9,26.4
2026-07-29 17:48:47.891,545375,51.2,26.4
2026-07-29 17:48:49.894,547375,50.6,26.5
2026-07-29 17:48:51.896,549375,49.9,26.5
2026-07-29 17:48:53.893,551375,49.5,26.4
2026-07-29 17:48:55.901,553375,49.5,26.4
2026-07-29 17:48:57.899,555375,50.8,26.5
2026-07-29 17:48:59.912,557375,50.8,26.4
2026-07-29 17:49:01.910,559375,50.6,26.5
2026-07-29 17:49:03.907,561375,50.2,26.4
2026-07-29 17:49:05.911,563375,50.3,26.5
2026-07-29 17:49:07.907,565375,50.9,26.4
2026-07-29 17:49:09.916,567375,50.8,26.5
2026-07-29 17:49:11.920,569375,50.2,26.4
2026-07-29 17:49:13.926,571375,50.0,26.5
2026-07-29 17:49:15.929,573375,49.7,26.5
2026-07-29 17:49:17.930,575375,49.5,26.5
2026-07-29 17:49:19.930,577375,49.3,26.5
2026-07-29 17:49:21.922,579375,49.1,26.5
2026-07-29 17:49:23.929,581375,48.9,26.4
2026-07-29 17:49:25.934,583375,48.8,26.5
2026-07-29 17:49:27.927,585375,48.8,26.4
2026-07-29 17:49:29.940,587375,49.0,26.4
2026-07-29 17:49:31.938,589375,49.2,26.4
2026-07-29 17:49:33.946,591375,48.9,26.4
2026-07-29 17:49:35.948,593375,48.9,26.4
2026-07-29 17:49:37.938,595375,48.8,26.4
2026-07-29 17:49:39.951,597375,49.0,26.4
2026-07-29 17:49:41.954,599375,49.0,26.4
2026-07-29 17:49:43.950,601375,48.9,26.4
2026-07-29 17:49:45.952,603375,48.8,26.4
2026-07-29 17:49:47.955,605375,48.9,26.4
2026-07-29 17:49:49.963,607375,49.1,26.4
2026-07-29 17:49:51.954,609375,49.6,26.4
2026-07-29 17:49:53.967,611375,49.3,26.4
2026-07-29 17:49:55.956,613375,49.3,26.4
2026-07-29 17:49:57.964,615375,49.2,26.4
2026-07-29 17:49:59.962,617375,49.1,26.4
2026-07-29 17:50:01.971,619375,49.0,26.4
2026-07-29 17:50:03.966,621375,48.9,26.4
2026-07-29 17:50:05.976,623375,48.8,26.4
2026-07-29 17:50:07.981,625375,48.8,26.4
2026-07-29 17:50:09.982,627375,48.7,26.4
2026-07-29 17:50:11.972,629375,48.6,26.4
2026-07-29 17:50:13.983,631375,48.7,26.4
2026-07-29 17:50:15.990,633375,48.7,26.4
2026-07-29 17:50:17.989,635375,48.7,26.4
2026-07-29 17:50:19.993,637375,48.7,26.4
2026-07-29 17:50:21.997,639375,48.7,26.4
2026-07-29 17:50:23.995,641375,48.7,26.4
2026-07-29 17:50:26.001,643375,48.8,26.4
2026-07-29 17:50:27.991,645375,48.9,26.4
2026-07-29 17:50:29.995,647375,48.9,26.4
2026-07-29 17:50:32.005,649375,48.8,26.4
2026-07-29 17:50:34.001,651375,48.9,26.4
2026-07-29 17:50:36.009,653375,49.5,26.4
2026-07-29 17:50:38.003,655375,49.4,26.4
2026-07-29 17:50:40.012,657375,49.6,26.4
2026-07-29 17:50:42.004,659375,52.7,26.4
2026-07-29 17:50:44.009,661375,52.9,26.4
2026-07-29 17:50:46.016,663375,52.5,26.4
2026-07-29 17:50:48.024,665375,51.8,26.4
2026-07-29 17:50:50.014,667375,51.5,26.4
2026-07-29 17:50:52.022,669375,51.1,26.4
2026-07-29 17:50:54.029,671375,52.8,26.5
2026-07-29 17:50:56.026,673375,51.2,26.4
2026-07-29 17:50:58.033,675375,50.6,26.5
2026-07-29 17:51:00.036,677375,50.6,26.5
2026-07-29 17:51:02.024,679375,50.6,26.5
2026-07-29 17:51:04.040,681375,50.6,26.5
2026-07-29 17:51:06.042,683375,50.1,26.5
2026-07-29 17:51:08.034,685375,49.6,26.5
2026-07-29 17:51:10.044,687375,49.3,26.5
2026-07-29 17:51:12.046,689375,49.1,26.5
2026-07-29 17:51:14.045,691375,49.1,26.5
2026-07-29 17:51:16.052,693375,49.0,26.5
2026-07-29 17:51:18.052,695375,48.9,26.5
2026-07-29 17:51:20.048,697375,49.7,26.5
2026-07-29 17:51:22.053,699375,50.9,26.5
2026-07-29 17:51:24.060,701375,51.2,26.5
2026-07-29 17:51:26.061,703375,51.5,26.5
2026-07-29 17:51:28.065,705375,50.8,26.5
2026-07-29 17:51:30.054,707375,51.4,26.5
2026-07-29 17:51:32.060,709375,52.3,26.5
2026-07-29 17:51:34.071,711375,51.5,26.5
2026-07-29 17:51:36.069,713375,51.2,26.5
2026-07-29 17:51:38.074,715375,51.7,26.5
2026-07-29 17:51:40.069,717375,51.7,26.5
2026-07-29 17:51:42.066,719375,50.5,26.5
2026-07-29 17:51:44.072,721375,49.6,26.5
2026-07-29 17:51:46.072,723375,49.6,26.5
2026-07-29 17:51:48.080,725375,49.4,26.6
2026-07-29 17:51:50.076,727375,50.2,26.5
2026-07-29 17:51:52.083,729375,51.0,26.5
2026-07-29 17:51:54.085,731375,50.5,26.5
2026-07-29 17:51:56.089,733375,50.2,26.6
2026-07-29 17:51:58.087,735375,50.0,26.5
2026-07-29 17:52:00.098,737375,51.3,26.5
2026-07-29 17:52:02.099,739375,52.3,26.6
2026-07-29 17:52:04.098,741375,52.9,26.6
2026-07-29 17:52:06.092,743375,52.3,26.6
2026-07-29 17:52:08.105,745375,51.6,26.6
2026-07-29 17:52:10.098,747375,50.8,26.6
2026-07-29 17:52:12.110,749375,51.0,26.6
2026-07-29 17:52:14.103,751375,50.7,26.6
2026-07-29 17:52:16.113,753375,49.9,26.6
2026-07-29 17:52:18.111,755375,49.4,26.5
2026-07-29 17:52:20.112,757375,49.2,26.6
2026-07-29 17:52:22.109,759375,49.1,26.6
2026-07-29 17:52:24.110,761375,50.1,26.6
2026-07-29 17:52:26.113,763375,50.0,26.6
2026-07-29 17:52:28.120,765375,49.9,26.6
2026-07-29 17:52:30.120,767375,50.2,26.6
2026-07-29 17:52:32.127,769375,50.0,26.6
2026-07-29 17:52:34.124,771375,50.0,26.6
2026-07-29 17:52:36.134,773375,50.0,26.6
2026-07-29 17:52:38.131,775375,49.8,26.6
2026-07-29 17:52:40.128,777375,50.2,26.6
2026-07-29 17:52:42.137,779375,51.7,26.6
2026-07-29 17:52:44.139,781375,50.1,26.6
2026-07-29 17:52:46.145,783375,49.3,26.6
2026-07-29 17:52:48.135,785375,49.1,26.6
2026-07-29 17:52:50.140,787375,48.9,26.6
2026-07-29 17:52:52.153,789375,48.8,26.6
2026-07-29 17:52:54.141,791375,48.8,26.6
2026-07-29 17:52:56.148,793375,48.8,26.6
2026-07-29 17:52:58.152,795375,49.6,26.6
2026-07-29 17:53:00.153,797375,49.8,26.6
2026-07-29 17:53:02.162,799375,49.9,26.6
2026-07-29 17:53:04.164,801375,50.6,26.6
2026-07-29 17:53:06.164,803375,52.1,26.6
2026-07-29 17:53:08.162,805375,51.4,26.6
2026-07-29 17:53:10.166,807375,50.4,26.6
2026-07-29 17:53:12.161,809375,50.8,26.6
2026-07-29 17:53:14.173,811375,50.6,26.6
2026-07-29 17:53:16.165,813375,50.0,26.6
2026-07-29 17:53:18.173,815375,49.8,26.6
2026-07-29 17:53:20.175,817375,49.5,26.6
2026-07-29 17:53:22.182,819375,49.3,26.6
2026-07-29 17:53:24.174,821375,49.2,26.6
2026-07-29 17:53:26.178,823375,49.0,26.6
2026-07-29 17:53:28.181,825375,48.9,26.6
2026-07-29 17:53:30.189,827375,48.9,26.6
2026-07-29 17:53:32.185,829375,48.9,26.6
2026-07-29 17:53:34.187,831375,48.9,26.6
2026-07-29 17:53:36.186,833375,48.9,26.6
2026-07-29 17:53:38.200,835375,49.5,26.6
2026-07-29 17:53:40.201,837375,51.7,26.6
2026-07-29 17:53:42.203,839375,52.7,26.6
2026-07-29 17:53:44.203,841375,52.9,26.6
2026-07-29 17:53:46.207,843375,53.1,26.6
2026-07-29 17:53:48.203,845375,52.9,26.6
2026-07-29 17:53:50.208,847375,51.4,26.6
2026-07-29 17:53:52.214,849375,50.5,26.6
2026-07-29 17:53:54.208,851375,50.2,26.6
2026-07-29 17:53:56.219,853375,49.8,26.6
2026-07-29 17:53:58.221,855375,49.6,26.6
2026-07-29 17:54:00.221,857375,49.5,26.6
2026-07-29 17:54:02.213,859375,49.3,26.6
2026-07-29 17:54:04.216,861375,51.0,26.6
2026-07-29 17:54:06.227,863375,51.1,26.6
2026-07-29 17:54:08.227,865375,52.1,26.6
2026-07-29 17:54:10.223,867375,52.8,26.6
2026-07-29 17:54:12.233,869375,53.0,26.6
2026-07-29 17:54:14.226,871375,52.8,26.6
2026-07-29 17:54:16.239,873375,51.6,26.6
2026-07-29 17:54:18.239,875375,50.5,26.6
2026-07-29 17:54:20.242,877375,50.7,26.6
2026-07-29 17:54:22.246,879375,51.5,26.6
2026-07-29 17:54:24.244,881375,51.1,26.6
2026-07-29 17:54:26.248,883375,50.0,26.6
2026-07-29 17:54:28.237,885375,49.3,26.6
2026-07-29 17:54:30.249,887375,49.1,26.6
2026-07-29 17:54:32.255,889375,49.0,26.6
2026-07-29 17:54:34.249,891375,49.0,26.6
2026-07-29 17:54:36.259,893375,49.7,26.6
2026-07-29 17:54:38.255,895375,50.1,26.6
2026-07-29 17:54:40.251,897375,49.6,26.6
2026-07-29 17:54:42.263,899375,49.6,26.6
2026-07-29 17:54:44.257,901375,49.6,26.6
2026-07-29 17:54:46.259,903375,51.0,26.6
2026-07-29 17:54:48.271,905375,51.3,26.6
2026-07-29 17:54:50.274,907375,50.6,26.6
2026-07-29 17:54:52.276,909375,50.0,26.6
2026-07-29 17:54:54.264,911375,49.6,26.6
2026-07-29 17:54:56.280,913375,49.4,26.6
2026-07-29 17:54:58.283,915375,49.2,26.6
2026-07-29 17:55:00.282,917375,48.9,26.6
2026-07-29 17:55:02.283,919375,48.8,26.6
2026-07-29 17:55:04.284,921375,48.8,26.6
2026-07-29 17:55:06.284,923375,48.9,26.6
2026-07-29 17:55:08.282,925375,49.1,26.7
2026-07-29 17:55:10.288,927375,49.4,26.6
2026-07-29 17:55:12.290,929375,49.6,26.6
2026-07-29 17:55:14.289,931375,49.1,26.6
2026-07-29 17:55:16.293,933375,48.8,26.6
2026-07-29 17:55:18.304,935375,49.4,26.6
2026-07-29 17:55:20.295,937375,50.6,26.6
2026-07-29 17:55:22.293,939375,51.8,26.7
2026-07-29 17:55:24.299,941375,52.2,26.7
2026-07-29 17:55:26.303,943375,52.1,26.7
2026-07-29 17:55:28.311,945375,51.7,26.7
2026-07-29 17:55:30.316,947375,52.1,26.7
2026-07-29 17:55:32.311,949375,51.1,26.7
2026-07-29 17:55:34.317,951375,49.9,26.7
2026-07-29 17:55:36.322,953375,49.7,26.7
2026-07-29 17:55:38.314,955375,49.6,26.7
2026-07-29 17:55:40.312,957375,49.2,26.7
2026-07-29 17:55:42.327,959375,49.1,26.7
2026-07-29 17:55:44.330,961375,49.0,26.7
2026-07-29 17:55:46.317,963375,48.8,26.6
2026-07-29 17:55:48.335,965375,48.7,26.6
2026-07-29 17:55:50.336,967375,48.9,26.6
2026-07-29 17:55:52.327,969375,48.8,26.6
2026-07-29 17:55:54.340,971375,49.0,26.6
2026-07-29 17:55:56.330,973375,49.0,26.6
2026-07-29 17:55:58.334,975375,48.9,26.6
2026-07-29 17:56:00.341,977375,48.9,26.6
2026-07-29 17:56:02.338,979375,48.8,26.6
2026-07-29 17:56:04.349,981375,48.7,26.6
2026-07-29 17:56:06.352,983375,48.6,26.6
2026-07-29 17:56:08.354,985375,48.6,26.6
2026-07-29 17:56:10.347,987375,48.6,26.6
2026-07-29 17:56:12.357,989375,48.5,26.6
2026-07-29 17:56:14.361,991375,48.5,26.6
2026-07-29 17:56:16.351,993375,48.5,26.6
2026-07-29 17:56:18.353,995375,48.5,26.6
2026-07-29 17:56:20.365,997375,48.4,26.6
2026-07-29 17:56:22.356,999375,48.4,26.6
2026-07-29 17:56:24.368,1001375,48.4,26.6
2026-07-29 17:56:26.373,1003375,48.4,26.6
2026-07-29 17:56:28.372,1005375,48.5,26.6
2026-07-29 17:56:30.375,1007375,48.6,26.6
2026-07-29 17:56:32.368,1009375,48.5,26.5
2026-07-29 17:56:34.376,1011375,48.4,26.5
2026-07-29 17:56:36.374,1013375,48.3,26.5
2026-07-29 17:56:38.379,1015375,48.3,26.5
2026-07-29 17:56:40.389,1017375,48.3,26.5
2026-07-29 17:56:42.382,1019375,48.3,26.5
2026-07-29 17:56:44.384,1021375,48.4,26.5
2026-07-29 17:56:46.393,1023375,48.4,26.5
2026-07-29 17:56:48.390,1025375,48.4,26.5
2026-07-29 17:56:50.384,1027375,48.4,26.5
2026-07-29 17:56:52.401,1029375,48.4,26.5
2026-07-29 17:56:54.389,1031375,48.4,26.5
2026-07-29 17:56:56.397,1033375,48.4,26.5
2026-07-29 17:56:58.403,1035375,48.4,26.5
2026-07-29 17:57:00.408,1037375,48.4,26.5
2026-07-29 17:57:02.406,1039375,48.3,26.5
2026-07-29 17:57:04.405,1041375,48.3,26.5
2026-07-29 17:57:06.411,1043375,48.3,26.5
2026-07-29 17:57:08.412,1045375,48.3,26.5
2026-07-29 17:57:10.420,1047375,48.3,26.5
2026-07-29 17:57:12.420,1049375,48.2,26.5
2026-07-29 17:57:14.422,1051375,48.3,26.5
2026-07-29 17:57:16.424,1053375,48.3,26.5
2026-07-29 17:57:18.427,1055375,48.3,26.5
2026-07-29 17:57:20.425,1057375,48.3,26.5
2026-07-29 17:57:22.427,1059375,48.4,26.5
2026-07-29 17:57:24.425,1061375,48.4,26.4
2026-07-29 17:57:26.432,1063375,48.4,26.5
2026-07-29 17:57:28.429,1065375,48.4,26.4
2026-07-29 17:57:30.436,1067375,48.4,26.4
2026-07-29 17:57:32.442,1069375,48.4,26.4
2026-07-29 17:57:34.438,1071375,48.4,26.4
2026-07-29 17:57:36.433,1073375,48.5,26.4
2026-07-29 17:57:38.444,1075375,48.5,26.4
2026-07-29 17:57:40.449,1077375,48.5,26.4
2026-07-29 17:57:42.444,1079375,48.5,26.4
2026-07-29 17:57:44.445,1081375,48.4,26.4
2026-07-29 17:57:46.447,1083375,48.3,26.4
2026-07-29 17:57:48.456,1085375,48.3,26.4
2026-07-29 17:57:50.457,1087375,48.3,26.4
2026-07-29 17:57:52.460,1089375,48.3,26.4
2026-07-29 17:57:54.465,1091375,48.3,26.4
2026-07-29 17:57:56.461,1093375,48.3,26.4
2026-07-29 17:57:58.462,1095375,48.3,26.4
2026-07-29 17:58:00.466,1097375,48.3,26.4
2026-07-29 17:58:02.465,1099375,48.3,26.4
2026-07-29 17:58:04.474,1101375,48.3,26.4
2026-07-29 17:58:06.472,1103375,48.3,26.4
2026-07-29 17:58:08.479,1105375,48.3,26.4
2026-07-29 17:58:10.477,1107375,48.3,26.4
2026-07-29 17:58:12.470,1109375,48.3,26.4
2026-07-29 17:58:14.481,1111375,48.2,26.4
2026-07-29 17:58:16.485,1113375,48.2,26.4
2026-07-29 17:58:18.488,1115375,48.2,26.4
2026-07-29 17:58:20.479,1117375,48.2,26.4
2026-07-29 17:58:22.491,1119375,48.2,26.4
2026-07-29 17:58:24.482,1121375,48.2,26.4
2026-07-29 17:58:26.486,1123375,48.3,26.4
2026-07-29 17:58:28.499,1125375,48.3,26.4
2026-07-29 17:58:30.496,1127375,48.3,26.4
2026-07-29 17:58:32.501,1129375,48.3,26.4
2026-07-29 17:58:34.499,1131375,48.3,26.4
2026-07-29 17:58:36.506,1133375,48.3,26.4
2026-07-29 17:58:38.510,1135375,48.3,26.4
2026-07-29 17:58:40.510,1137375,48.2,26.4
2026-07-29 17:58:42.506,1139375,48.2,26.4
2026-07-29 17:58:44.511,1141375,48.2,26.4
2026-07-29 17:58:46.516,1143375,48.2,26.4
2026-07-29 17:58:48.505,1145375,48.2,26.4
2026-07-29 17:58:50.516,1147375,48.2,26.4
2026-07-29 17:58:52.513,1149375,48.3,26.4
2026-07-29 17:58:54.526,1151375,48.2,26.4
2026-07-29 17:58:56.527,1153375,48.2,26.3
2026-07-29 17:58:58.523,1155375,48.2,26.3
2026-07-29 17:59:00.521,1157375,48.2,26.4
2026-07-29 17:59:02.529,1159375,48.2,26.4
2026-07-29 17:59:04.524,1161375,48.2,26.4
2026-07-29 17:59:06.539,1163375,48.2,26.4
2026-07-29 17:59:08.536,1165375,48.2,26.4
2026-07-29 17:59:10.531,1167375,48.2,26.4
2026-07-29 17:59:12.536,1169375,48.2,26.4
2026-07-29 17:59:14.541,1171375,48.2,26.4
2026-07-29 17:59:16.541,1173375,48.2,26.4
2026-07-29 17:59:18.548,1175375,48.2,26.4
2026-07-29 17:59:20.554,1177375,48.1,26.4
2026-07-29 17:59:22.547,1179375,48.1,26.4
2026-07-29 17:59:24.545,1181375,48.1,26.4
2026-07-29 17:59:26.557,1183375,48.2,26.4
2026-07-29 17:59:28.554,1185375,48.3,26.4
2026-07-29 17:59:30.561,1187375,48.2,26.4
2026-07-29 17:59:32.564,1189375,48.1,26.4
2026-07-29 17:59:34.568,1191375,48.1,26.4
2026-07-29 17:59:36.561,1193375,48.1,26.4
2026-07-29 17:59:38.563,1195375,48.1,26.3
2026-07-29 17:59:40.574,1197375,48.1,26.3
2026-07-29 17:59:42.567,1199375,48.1,26.3
2026-07-29 17:59:44.564,1201375,48.1,26.4
2026-07-29 17:59:46.566,1203375,48.1,26.3
2026-07-29 17:59:48.574,1205375,48.1,26.4
2026-07-29 17:59:50.583,1207375,48.1,26.4
2026-07-29 17:59:52.581,1209375,48.1,26.3
2026-07-29 17:59:54.584,1211375,48.2,26.3
2026-07-29 17:59:56.589,1213375,48.1,26.4
2026-07-29 17:59:58.580,1215375,48.1,26.3
2026-07-29 18:00:00.594,1217375,48.1,26.3
2026-07-29 18:00:02.592,1219375,48.1,26.4
2026-07-29 18:00:04.599,1221375,48.1,26.3
2026-07-29 18:00:06.601,1223375,48.2,26.3
2026-07-29 18:00:08.603,1225375,48.3,26.4
2026-07-29 18:00:10.590,1227375,48.2,26.3
2026-07-29 18:00:12.607,1229375,48.2,26.3
2026-07-29 18:00:14.608,1231375,48.2,26.3
2026-07-29 18:00:16.608,1233375,48.2,26.4
2026-07-29 18:00:18.604,1235375,48.2,26.4
2026-07-29 18:00:20.616,1237375,48.2,26.4
2026-07-29 18:00:22.617,1239375,48.3,26.4
2026-07-29 18:00:24.620,1241375,48.2,26.4
2026-07-29 18:00:26.622,1243375,48.3,26.4
2026-07-29 18:00:28.620,1245375,48.2,26.4
2026-07-29 18:00:30.626,1247375,48.1,26.4
2026-07-29 18:00:32.625,1249375,48.0,26.4
2026-07-29 18:00:34.622,1251375,48.0,26.4
2026-07-29 18:00:36.623,1253375,48.7,26.4
2026-07-29 18:00:38.635,1255375,49.0,26.4
2026-07-29 18:00:40.634,1257375,48.8,26.4
2026-07-29 18:00:42.628,1259375,48.4,26.4
2026-07-29 18:00:44.634,1261375,48.3,26.4
2026-07-29 18:00:46.634,1263375,48.2,26.4
2026-07-29 18:00:48.639,1265375,48.3,26.4
2026-07-29 18:00:50.641,1267375,48.5,26.4
2026-07-29 18:00:52.641,1269375,48.5,26.4
2026-07-29 18:00:54.648,1271375,48.2,26.4
2026-07-29 18:00:56.642,1273375,48.2,26.4
2026-07-29 18:00:58.649,1275375,48.2,26.4
2026-07-29 18:01:00.645,1277375,48.2,26.4
2026-07-29 18:01:02.659,1279375,48.1,26.4
2026-07-29 18:01:04.662,1281375,48.1,26.4
2026-07-29 18:01:06.654,1283375,48.1,26.4
2026-07-29 18:01:08.665,1285375,48.2,26.4
2026-07-29 18:01:10.662,1287375,48.3,26.4
2026-07-29 18:01:12.656,1289375,48.4,26.4
2026-07-29 18:01:14.669,1291375,48.2,26.4
2026-07-29 18:01:16.659,1293375,48.2,26.4
2026-07-29 18:01:18.669,1295375,48.1,26.4
2026-07-29 18:01:20.670,1297375,48.1,26.4
2026-07-29 18:01:22.676,1299375,48.1,26.4
2026-07-29 18:01:24.681,1301375,48.1,26.4
2026-07-29 18:01:26.676,1303375,48.1,26.4
2026-07-29 18:01:28.684,1305375,48.1,26.4
2026-07-29 18:01:30.683,1307375,48.1,26.4
2026-07-29 18:01:32.678,1309375,48.1,26.4
2026-07-29 18:01:34.685,1311375,48.1,26.4
2026-07-29 18:01:36.693,1313375,48.1,26.4
2026-07-29 18:01:38.693,1315375,48.1,26.4
2026-07-29 18:01:40.693,1317375,48.2,26.4
2026-07-29 18:01:42.700,1319375,48.3,26.4
2026-07-29 18:01:44.702,1321375,48.2,26.4
2026-07-29 18:01:46.690,1323375,48.2,26.4
2026-07-29 18:01:48.699,1325375,48.3,26.4
2026-07-29 18:01:50.702,1327375,48.3,26.4
2026-07-29 18:01:52.709,1329375,48.2,26.4
2026-07-29 18:01:54.713,1331375,48.2,26.4
2026-07-29 18:01:56.714,1333375,48.2,26.4
2026-07-29 18:01:58.709,1335375,48.1,26.4
2026-07-29 18:02:00.720,1337375,48.1,26.4
2026-07-29 18:02:02.721,1339375,48.3,26.4
2026-07-29 18:02:04.723,1341375,48.3,26.4
2026-07-29 18:02:06.724,1343375,48.2,26.4
2026-07-29 18:02:08.713,1345375,48.1,26.4
2026-07-29 18:02:10.724,1347375,48.1,26.4
2026-07-29 18:02:12.727,1349375,48.2,26.4
2026-07-29 18:02:14.731,1351375,48.6,26.4
2026-07-29 18:02:16.735,1353375,48.6,26.4
2026-07-29 18:02:18.737,1355375,48.6,26.4
2026-07-29 18:02:20.739,1357375,48.7,26.4
2026-07-29 18:02:22.728,1359375,48.7,26.4
2026-07-29 18:02:24.744,1361375,48.7,26.4
2026-07-29 18:02:26.730,1363375,48.6,26.4
2026-07-29 18:02:28.737,1365375,48.4,26.4
2026-07-29 18:02:30.750,1367375,48.3,26.4
2026-07-29 18:02:32.749,1369375,48.2,26.4
2026-07-29 18:02:34.747,1371375,48.2,26.4
2026-07-29 18:02:36.755,1373375,48.1,26.4
2026-07-29 18:02:38.758,1375375,48.1,26.4
2026-07-29 18:02:40.755,1377375,48.0,26.4
2026-07-29 18:02:42.753,1379375,48.0,26.4
2026-07-29 18:02:44.757,1381375,48.1,26.4
2026-07-29 18:02:46.754,1383375,48.9,26.4
2026-07-29 18:02:48.762,1385375,49.3,26.4
2026-07-29 18:02:50.771,1387375,49.2,26.4
2026-07-29 18:02:52.764,1389375,49.0,26.4
2026-07-29 18:02:54.774,1391375,48.7,26.4
2026-07-29 18:02:56.776,1393375,48.5,26.4
2026-07-29 18:02:58.778,1395375,48.4,26.4
2026-07-29 18:03:00.778,1397375,48.3,26.4
2026-07-29 18:03:02.782,1399375,48.2,26.4
2026-07-29 18:03:04.776,1401375,48.1,26.4
2026-07-29 18:03:06.777,1403375,48.1,26.4
2026-07-29 18:03:08.788,1405375,48.1,26.4
2026-07-29 18:03:10.786,1407375,48.0,26.4
2026-07-29 18:03:12.794,1409375,48.1,26.4
2026-07-29 18:03:14.793,1411375,48.1,26.4
2026-07-29 18:03:16.793,1413375,48.1,26.4
2026-07-29 18:03:18.794,1415375,48.0,26.4
2026-07-29 18:03:20.802,1417375,48.1,26.4
2026-07-29 18:03:22.791,1419375,48.0,26.4
2026-07-29 18:03:24.805,1421375,48.0,26.4
2026-07-29 18:03:26.807,1423375,48.0,26.4
2026-07-29 18:03:28.805,1425375,47.9,26.4
2026-07-29 18:03:30.803,1427375,47.9,26.4
2026-07-29 18:03:32.813,1429375,47.9,26.4
2026-07-29 18:03:34.815,1431375,47.9,26.4
2026-07-29 18:03:36.811,1433375,47.9,26.4
2026-07-29 18:03:38.812,1435375,48.1,26.4
2026-07-29 18:03:40.808,1437375,48.2,26.4
2026-07-29 18:03:42.824,1439375,48.4,26.4
2026-07-29 18:03:44.826,1441375,49.1,26.4
2026-07-29 18:03:46.822,1443375,49.3,26.4
2026-07-29 18:03:48.824,1445375,49.1,26.4
2026-07-29 18:03:50.820,1447375,48.8,26.5
2026-07-29 18:03:52.822,1449375,48.5,26.5
2026-07-29 18:03:54.828,1451375,48.5,26.4
2026-07-29 18:03:56.839,1453375,48.6,26.4
2026-07-29 18:03:58.830,1455375,48.5,26.5
2026-07-29 18:04:00.833,1457375,49.0,26.4
2026-07-29 18:04:02.842,1459375,49.0,26.4
2026-07-29 18:04:04.848,1461375,49.0,26.5
2026-07-29 18:04:06.848,1463375,49.0,26.5
2026-07-29 18:04:08.840,1465375,49.0,26.5
2026-07-29 18:04:10.846,1467375,48.8,26.5
2026-07-29 18:04:12.849,1469375,48.7,26.5
2026-07-29 18:04:14.858,1471375,48.7,26.5
2026-07-29 18:04:16.851,1473375,48.7,26.5
2026-07-29 18:04:18.858,1475375,48.6,26.5
2026-07-29 18:04:20.853,1477375,48.6,26.5
2026-07-29 18:04:22.866,1479375,48.5,26.5
2026-07-29 18:04:24.861,1481375,48.3,26.5
2026-07-29 18:04:26.869,1483375,48.2,26.5
2026-07-29 18:04:28.873,1485375,48.3,26.5
2026-07-29 18:04:30.862,1487375,48.3,26.5
2026-07-29 18:04:32.865,1489375,48.3,26.5
2026-07-29 18:04:34.865,1491375,48.3,26.5
2026-07-29 18:04:36.877,1493375,48.4,26.5
2026-07-29 18:04:38.870,1495375,48.4,26.5
2026-07-29 18:04:40.879,1497375,48.3,26.5
2026-07-29 18:04:42.886,1499375,48.2,26.5
2026-07-29 18:04:44.875,1501375,48.2,26.5
2026-07-29 18:04:46.886,1503375,48.2,26.5
2026-07-29 18:04:48.890,1505375,48.2,26.5
2026-07-29 18:04:50.887,1507375,48.1,26.5
2026-07-29 18:04:52.891,1509375,48.1,26.5
2026-07-29 18:04:54.899,1511375,48.1,26.5
2026-07-29 18:04:56.899,1513375,48.1,26.5
2026-07-29 18:04:58.893,1515375,48.0,26.5
2026-07-29 18:05:00.901,1517375,48.0,26.5
2026-07-29 18:05:02.902,1519375,48.0,26.5
2026-07-29 18:05:04.909,1521375,47.9,26.5
2026-07-29 18:05:06.903,1523375,47.9,26.5
2026-07-29 18:05:08.908,1525375,48.0,26.5
2026-07-29 18:05:10.915,1527375,47.9,26.5
2026-07-29 18:05:12.918,1529375,47.9,26.5
2026-07-29 18:05:14.920,1531375,47.9,26.5
2026-07-29 18:05:16.922,1533375,48.1,26.5
2026-07-29 18:05:18.915,1535375,48.2,26.5
2026-07-29 18:05:20.912,1537375,48.2,26.5
2026-07-29 18:05:22.926,1539375,48.2,26.5
2026-07-29 18:05:24.918,1541375,48.2,26.5
2026-07-29 18:05:26.931,1543375,48.2,26.5
2026-07-29 18:05:28.931,1545375,48.2,26.5
2026-07-29 18:05:30.923,1547375,48.2,26.5
2026-07-29 18:05:32.937,1549375,48.1,26.5
2026-07-29 18:05:34.937,1551375,48.1,26.5
2026-07-29 18:05:36.929,1553375,48.2,26.5
2026-07-29 18:05:38.944,1555375,48.2,26.5
2026-07-29 18:05:40.933,1557375,48.2,26.5
2026-07-29 18:05:42.948,1559375,48.1,26.5
2026-07-29 18:05:44.945,1561375,48.1,26.5
2026-07-29 18:05:46.941,1563375,48.1,26.5
2026-07-29 18:05:48.946,1565375,48.1,26.5
2026-07-29 18:05:52.951,1569375,48.1,26.5
2026-07-29 18:05:54.954,1571375,48.1,26.5
2026-07-29 18:05:56.949,1573375,48.1,26.5
2026-07-29 18:05:58.952,1575375,48.1,26.5
2026-07-29 18:06:00.960,1577375,48.0,26.5
2026-07-29 18:06:02.959,1579375,48.0,26.5
2026-07-29 18:06:04.966,1581375,48.0,26.5
2026-07-29 18:06:06.973,1583375,48.0,26.5
2026-07-29 18:06:08.973,1585375,48.1,26.5
2026-07-29 18:06:10.978,1587375,48.6,26.5
2026-07-29 18:06:12.976,1589375,48.4,26.5
2026-07-29 18:06:14.981,1591375,48.3,26.5
2026-07-29 18:06:16.984,1593375,48.3,26.5
2026-07-29 18:06:18.971,1595375,48.4,26.5
2026-07-29 18:06:20.988,1597375,48.4,26.5
2026-07-29 18:06:22.988,1599375,48.5,26.5
2026-07-29 18:06:24.992,1601375,48.4,26.5
2026-07-29 18:06:26.994,1603375,48.4,26.5
2026-07-29 18:06:28.993,1605375,48.3,26.5
2026-07-29 18:06:30.997,1607375,48.2,26.5
2026-07-29 18:06:32.990,1609375,48.1,26.5
2026-07-29 18:06:34.998,1611375,49.7,26.5
2026-07-29 18:06:37.002,1613375,50.4,26.5
2026-07-29 18:06:38.999,1615375,52.4,26.5
2026-07-29 18:06:41.002,1617375,51.8,26.5
2026-07-29 18:06:42.997,1619375,52.4,26.6
2026-07-29 18:06:45.012,1621375,52.2,26.6
2026-07-29 18:06:47.001,1623375,51.4,26.6
2026-07-29 18:06:49.016,1625375,52.3,26.6
2026-07-29 18:06:51.014,1627375,53.3,26.6
2026-07-29 18:06:53.016,1629375,52.9,26.6
2026-07-29 18:06:55.021,1631375,52.8,26.6
2026-07-29 18:06:57.024,1633375,52.6,26.6
2026-07-29 18:06:59.026,1635375,52.4,26.6
2026-07-29 18:07:01.027,1637375,52.2,26.6
2026-07-29 18:07:03.024,1639375,52.2,26.6
2026-07-29 18:07:05.028,1641375,51.5,26.6
2026-07-29 18:07:07.034,1643375,50.7,26.6
2026-07-29 18:07:09.031,1645375,50.4,26.6
2026-07-29 18:07:11.028,1647375,50.5,26.6
2026-07-29 18:07:13.027,1649375,50.2,26.6
2026-07-29 18:07:15.039,1651375,49.3,26.6
2026-07-29 18:07:17.033,1653375,48.9,26.6
2026-07-29 18:07:19.037,1655375,48.7,26.6
2026-07-29 18:07:21.049,1657375,48.6,26.6
2026-07-29 18:07:23.043,1659375,48.6,26.6
2026-07-29 18:07:25.039,1661375,49.9,26.7
2026-07-29 18:07:27.042,1663375,51.6,26.6
2026-07-29 18:07:29.047,1665375,51.8,26.7
2026-07-29 18:07:31.057,1667375,51.9,26.6
2026-07-29 18:07:33.052,1669375,52.2,26.6
2026-07-29 18:07:35.063,1671375,52.0,26.7
2026-07-29 18:07:37.051,1673375,51.1,26.7
2026-07-29 18:07:39.058,1675375,50.3,26.7
2026-07-29 18:07:41.058,1677375,49.8,26.7
2026-07-29 18:07:43.064,1679375,49.6,26.7
2026-07-29 18:07:45.075,1681375,49.1,26.7
2026-07-29 18:07:47.076,1683375,48.6,26.7
2026-07-29 18:07:49.071,1685375,48.4,26.7
2026-07-29 18:07:51.079,1687375,48.4,26.6
2026-07-29 18:07:53.080,1689375,48.4,26.6
2026-07-29 18:07:55.074,1691375,48.4,26.7
2026-07-29 18:07:57.086,1693375,48.4,26.7
2026-07-29 18:07:59.078,1695375,48.7,26.7
2026-07-29 18:08:01.088,1697375,48.9,26.7
2026-07-29 18:08:03.082,1699375,48.8,26.7
2026-07-29 18:08:05.085,1701375,49.0,26.6
2026-07-29 18:08:07.091,1703375,50.4,26.7
2026-07-29 18:08:09.099,1705375,51.1,26.7
2026-07-29 18:08:11.100,1707375,51.3,26.7
2026-07-29 18:08:13.100,1709375,51.0,26.7
2026-07-29 18:08:15.093,1711375,50.6,26.7
2026-07-29 18:08:17.107,1713375,49.6,26.7
2026-07-29 18:08:19.108,1715375,49.0,26.7
2026-07-29 18:08:21.111,1717375,48.8,26.7
2026-07-29 18:08:23.107,1719375,48.5,26.7
2026-07-29 18:08:25.106,1721375,48.4,26.7
2026-07-29 18:08:27.117,1723375,48.8,26.7
2026-07-29 18:08:29.120,1725375,50.3,26.7
2026-07-29 18:08:31.117,1727375,50.7,26.7
2026-07-29 18:08:33.121,1729375,50.6,26.7
2026-07-29 18:08:35.111,1731375,50.4,26.7
2026-07-29 18:08:37.127,1733375,50.8,26.7
2026-07-29 18:08:39.116,1735375,51.1,26.7
2026-07-29 18:08:41.120,1737375,51.0,26.7
2026-07-29 18:08:43.131,1739375,50.3,26.7
2026-07-29 18:08:45.135,1741375,49.5,26.7
2026-07-29 18:08:47.138,1743375,49.0,26.7
2026-07-29 18:08:49.131,1745375,48.7,26.7
2026-07-29 18:08:51.131,1747375,48.6,26.7
2026-07-29 18:08:53.142,1749375,48.4,26.7
2026-07-29 18:08:55.136,1751375,48.3,26.7
2026-07-29 18:08:57.144,1753375,48.1,26.7
2026-07-29 18:08:59.150,1755375,48.0,26.7
2026-07-29 18:09:01.148,1757375,48.1,26.7
2026-07-29 18:09:03.155,1759375,49.2,26.7
2026-07-29 18:09:05.151,1761375,50.0,26.7
2026-07-29 18:09:07.147,1763375,50.6,26.7
2026-07-29 18:09:09.158,1765375,50.5,26.7
2026-07-29 18:09:11.158,1767375,50.3,26.7
2026-07-29 18:09:13.157,1769375,50.3,26.7
2026-07-29 18:09:15.157,1771375,51.0,26.7
2026-07-29 18:09:17.154,1773375,51.7,26.7
2026-07-29 18:09:19.164,1775375,52.3,26.7
2026-07-29 18:09:21.160,1777375,51.0,26.7
2026-07-29 18:09:23.174,1779375,49.9,26.7
2026-07-29 18:09:25.167,1781375,49.2,26.7
2026-07-29 18:09:27.179,1783375,48.6,26.7
2026-07-29 18:09:29.169,1785375,48.4,26.7
2026-07-29 18:09:31.182,1787375,48.3,26.7
2026-07-29 18:09:33.181,1789375,48.5,26.7
2026-07-29 18:09:35.181,1791375,48.4,26.7
2026-07-29 18:09:37.189,1793375,49.2,26.7
2026-07-29 18:09:39.188,1795375,49.7,26.7
2026-07-29 18:09:41.188,1797375,49.7,26.7
2026-07-29 18:09:43.188,1799375,49.2,26.7
2026-07-29 18:09:45.186,1801375,49.9,26.7
2026-07-29 18:09:47.186,1803375,50.2,26.7
2026-07-29 18:09:49.202,1805375,49.6,26.7
2026-07-29 18:09:51.201,1807375,49.7,26.7
2026-07-29 18:09:53.195,1809375,49.3,26.7
2026-07-29 18:09:55.199,1811375,48.8,26.7
2026-07-29 18:09:57.202,1813375,48.4,26.7
2026-07-29 18:09:59.206,1815375,48.1,26.7
2026-07-29 18:10:01.212,1817375,48.2,26.7
2026-07-29 18:10:03.209,1819375,48.2,26.7
2026-07-29 18:10:05.203,1821375,48.1,26.7
2026-07-29 18:10:07.207,1823375,48.5,26.7
2026-07-29 18:10:09.222,1825375,49.1,26.7
2026-07-29 18:10:11.224,1827375,49.2,26.7
2026-07-29 18:10:13.227,1829375,49.7,26.7
2026-07-29 18:10:15.224,1831375,50.5,26.7
2026-07-29 18:10:17.219,1833375,51.3,26.7
2026-07-29 18:10:19.225,1835375,51.1,26.7
2026-07-29 18:10:21.231,1837375,50.9,26.7
2026-07-29 18:10:23.230,1839375,50.9,26.7
2026-07-29 18:10:25.226,1841375,50.0,26.7
2026-07-29 18:10:27.228,1843375,49.0,26.7
2026-07-29 18:10:29.232,1845375,48.5,26.7
2026-07-29 18:10:31.240,1847375,48.2,26.7
2026-07-29 18:10:33.246,1849375,48.0,26.7
2026-07-29 18:10:35.245,1851375,48.1,26.7
2026-07-29 18:10:37.245,1853375,48.1,26.7
2026-07-29 18:10:39.239,1855375,48.4,26.7
2026-07-29 18:10:41.245,1857375,48.8,26.7
2026-07-29 18:10:43.255,1859375,48.9,26.7
2026-07-29 18:10:45.250,1861375,48.7,26.7
2026-07-29 18:10:47.256,1863375,48.6,26.7
2026-07-29 18:10:49.263,1865375,48.8,26.7
2026-07-29 18:10:51.252,1867375,49.0,26.7
2026-07-29 18:10:53.263,1869375,50.7,26.7
2026-07-29 18:10:55.270,1871375,50.8,26.7
2026-07-29 18:10:57.264,1873375,51.0,26.7
2026-07-29 18:10:59.266,1875375,51.8,26.7
2026-07-29 18:11:01.268,1877375,50.8,26.7
2026-07-29 18:11:03.275,1879375,49.4,26.7
2026-07-29 18:11:05.274,1881375,48.7,26.7
2026-07-29 18:11:07.282,1883375,48.4,26.7
2026-07-29 18:11:09.278,1885375,48.2,26.7
2026-07-29 18:11:11.273,1887375,48.2,26.7
2026-07-29 18:11:13.278,1889375,49.3,26.7
2026-07-29 18:11:15.286,1891375,50.4,26.7
2026-07-29 18:11:17.280,1893375,50.8,26.7
2026-07-29 18:11:19.294,1895375,51.2,26.7
2026-07-29 18:11:21.292,1897375,51.6,26.8
2026-07-29 18:11:23.291,1899375,50.9,26.7
2026-07-29 18:11:25.298,1901375,50.2,26.8
2026-07-29 18:11:27.297,1903375,50.3,26.8
2026-07-29 18:11:29.290,1905375,50.0,26.8
2026-07-29 18:11:31.295,1907375,49.0,26.8
